DATE,AVG,STD
2016-01-01,7133.333333333333,2095.76292128242
2016-01-02,7158.33333332963,2088.9424490778392
2016-01-03,7158.33333332963,2088.9424490778392
2016-01-04,7133.333333333333,2095.76292128242
2016-01-05,7083.333333333333,2113.7775558358917
2016-01-06,7083.333333333333,2113.7775558358917
2016-01-07,7083.333333333333,2113.7775558358917
2016-01-08,7083.333333333333,2113.7775558358917
2016-01-09,7083.333333333333,2113.7775558358917
2016-01-10,7083.333333333333,2113.7775558358917
2016-01-11,7083.333333333333,2113.7775558358917
2016-01-12,7083.333333333333,2113.7775558358917
2016-01-13,7083.333333333333,2113.7775558358917
2016-01-14,7133.333333333333,2095.76292128242
2016-01-15,7133.333333333333,2095.76292128242
2016-01-16,7133.333333333333,2095.76292128242
2016-01-17,7133.333333333333,2095.76292128242
2016-01-18,7133.333333333333,2095.76292128242
2016-01-19,7133.333333333333,2095.76292128242
2016-01-20,7133.333333333333,2095.76292128242
2016-01-21,7133.333333333333,2095.76292128242
2016-01-22,7133.333333333333,2095.76292128242
2016-01-23,7133.333333333333,2095.76292128242
2016-01-24,7133.333333333333,2095.76292128242
2016-01-25,7133.333333333333,2095.76292128242
2016-01-26,7133.333333333333,2095.76292128242
2016-01-27,7133.333333333333,2095.76292128242
2016-01-28,7100.0,2107.1307505705477
2016-01-29,7050.0,2134.0493590043006
2016-01-30,7045.83333287037,2135.9237204984192
2016-01-31,7053.33333362963,2132.5779911496325
2016-02-01,7050.0,2134.0493590043006
2016-02-02,7033.333333333333,2141.7801526352378
2016-02-03,7033.333333333333,2141.7801526352378
2016-02-04,7033.333333333333,2141.7801526352378
2016-02-05,7000.0,2159.0893141939882
2016-02-06,6974.9999999962965,2173.658590183031
2016-02-07,6958.33333332963,2184.1124564070997
2016-02-08,6950.0,2189.5585552039174
2016-02-09,6950.0,2189.5585552039174
2016-02-10,6950.0,2189.5585552039174
2016-02-11,7000.0,2159.0893141939882
2016-02-12,7000.0,2159.0893141939882
2016-02-13,7000.0,2159.0893141939882
2016-02-14,7000.0,2159.0893141939882
2016-02-15,7000.0,2159.0893141939882
2016-02-16,7000.0,2159.0893141939882
2016-02-17,7000.0,2159.0893141939882
2016-02-18,7000.0,2159.0893141939882
2016-02-19,7100.0,2114.6315675943806
2016-02-20,7100.0,2114.6315675943806
2016-02-21,7100.0,2114.6315675943806
2016-02-22,7100.0,2114.6315675943806
2016-02-23,7083.333333333333,2129.488723196773
2016-02-24,7050.0,2141.4558910548058
2016-02-25,7050.0,2141.4558910548058
2016-02-26,6983.333333333333,2172.875718693752
2016-02-27,6927.142857140817,2206.8438694097854
2016-02-28,6881.111111107409,2239.5449824479106
2016-02-29,6851.333333329334,2262.9425288556567
2016-03-01,6850.0,2264.0303295966096
2016-03-02,6883.333333333333,2237.868529551179
2016-03-03,6883.333333333333,2237.868529551179
2016-03-04,6883.333333333333,2237.868529551179
2016-03-05,6883.333333333333,2237.868529551179
2016-03-06,6883.333333333333,2237.868529551179
2016-03-07,6883.333333333333,2237.868529551179
2016-03-08,6883.333333333333,2237.868529551179
2016-03-09,6883.333333333333,2237.868529551179
2016-03-10,6875.0,2244.66961191768
2016-03-11,6875.0,2244.66961191768
2016-03-12,6875.0,2244.66961191768
2016-03-13,6875.0,2244.66961191768
2016-03-14,6875.0,2244.66961191768
2016-03-15,6875.0,2244.66961191768
2016-03-16,6875.0,2244.66961191768
2016-03-17,6875.0,2244.66961191768
2016-03-18,6855.043859545244,2259.952648817967
2016-03-19,6816.666666666667,2291.499993938953
2016-03-20,6768.055556018519,2335.378154496006
2016-03-21,6758.333333333333,2344.6600085205437
2016-03-22,6875.0,2244.66961191768
2016-03-23,6858.333333333333,2257.3798725267507
2016-03-24,6841.666666666667,2270.6307249063834
2016-03-25,6841.666666666667,2270.6307249063834
2016-03-26,6841.666666666667,2270.6307249063834
2016-03-27,6841.666666666667,2270.6307249063834
2016-03-28,6841.666666666667,2270.6307249063834
2016-03-29,6841.666666666667,2270.6307249063834
2016-03-30,6875.0,2244.66961191768
2016-03-31,6875.0,2244.66961191768
2016-04-01,6875.0,2244.66961191768
2016-04-02,6875.0,2244.66961191768
2016-04-03,6875.0,2244.66961191768
2016-04-04,6875.0,2244.66961191768
2016-04-05,6875.0,2244.66961191768
2016-04-06,6875.0,2244.66961191768
2016-04-07,6875.0,2244.66961191768
2016-04-08,6908.333333333333,2220.9075972573814
2016-04-09,6908.333333333333,2220.9075972573814
2016-04-10,6908.333333333333,2220.9075972573814
2016-04-11,6908.333333333333,2220.9075972573814
2016-04-12,6908.333333333333,2220.9075972573814
2016-04-13,6908.333333333333,2220.9075972573814
2016-04-14,6908.333333333333,2220.9075972573814
2016-04-15,6908.333333333333,2220.9075972573814
2016-04-16,6908.333333333333,2220.9075972573814
2016-04-17,6908.333333333333,2220.9075972573814
2016-04-18,6908.333333333333,2220.9075972573814
2016-04-19,6875.0,2244.66961191768
2016-04-20,6875.0,2244.66961191768
2016-04-21,6875.0,2244.66961191768
2016-04-22,6869.166666276043,2249.0561294804543
2016-04-23,6858.333333333333,2257.3798725267507
2016-04-24,6847.500000390624,2265.9320191150155
2016-04-25,6841.666666666667,2270.6307249063834
2016-04-26,6841.666666666667,2270.6307249063834
2016-04-27,6841.666666666667,2270.6307249063834
2016-04-28,6841.666666666667,2270.6307249063834
2016-04-29,6841.666666666667,2270.6307249063834
2016-04-30,6841.666666666667,2270.6307249063834
2016-05-01,6841.666666666667,2270.6307249063834
2016-05-02,6841.666666666667,2270.6307249063834
2016-05-03,6841.666666666667,2270.6307249063834
2016-05-04,6841.666666666667,2270.6307249063834
2016-05-05,6841.666666666667,2270.6307249063834
2016-05-06,6841.666666666667,2270.6307249063834
2016-05-07,6832.407406995885,2278.222442634723
2016-05-08,6817.592593004115,2290.7061208266846
2016-05-09,6808.333333333333,2298.716429275743
2016-05-10,6808.333333333333,2298.716429275743
2016-05-11,6808.333333333333,2298.716429275743
2016-05-12,6841.666666666667,2270.6307249063834
2016-05-13,6841.666666666667,2270.6307249063834
2016-05-14,6841.666666666667,2270.6307249063834
2016-05-15,6841.666666666667,2270.6307249063834
2016-05-16,6841.666666666667,2270.6307249063834
2016-05-17,6841.666666666667,2270.6307249063834
2016-05-18,6841.666666666667,2270.6307249063834
2016-05-19,6841.666666666667,2270.6307249063834
2016-05-20,6841.666666666667,2270.6307249063834
2016-05-21,6841.666666666667,2270.6307249063834
2016-05-22,6841.666666666667,2270.6307249063834
2016-05-23,6841.666666666667,2270.6307249063834
2016-05-24,6875.0,2244.66961191768
2016-05-25,6875.0,2244.66961191768
2016-05-26,6875.0,2244.66961191768
2016-05-27,6875.0,2244.66961191768
2016-05-28,6865.47619009826,2251.865880689326
2016-05-29,6851.068376506683,2263.0899713410436
2016-05-30,6841.666666666667,2270.6307249063834
2016-05-31,6841.666666666667,2270.6307249063834
2016-06-01,6841.666666666667,2270.6307249063834
2016-06-02,6875.0,2244.66961191768
2016-06-03,6875.0,2244.66961191768
2016-06-04,6875.0,2244.66961191768
2016-06-05,6875.0,2244.66961191768
2016-06-06,6875.0,2244.66961191768
2016-06-07,6875.0,2244.66961191768
2016-06-08,6841.666666666667,2270.6307249063834
2016-06-09,6841.666666666667,2270.6307249063834
2016-06-10,6875.0,2244.66961191768
2016-06-11,6867.59259218107,2250.2512818156692
2016-06-12,6850.3086421582075,2263.693007277495
2016-06-13,6841.666666666667,2270.6307249063834
2016-06-14,6841.666666666667,2270.6307249063834
2016-06-15,6841.666666666667,2270.6307249063834
2016-06-16,6841.666666666667,2270.6307249063834
2016-06-17,6800.0,2308.318291166392
2016-06-18,6809.259258847737,2301.1798432224996
2016-06-19,6824.074074485597,2290.1014105268077
2016-06-20,6833.333333333333,2283.3941597737544
2016-06-21,6833.333333333333,2283.3941597737544
2016-06-22,6766.666666666667,2335.356265945067
2016-06-23,6766.666666666667,2335.356265945067
2016-06-24,6800.0,2308.318291166392
2016-06-25,6805.833333138021,2314.204176666078
2016-06-26,6831.249999804688,2345.899014491853
2016-06-27,6869.166666861979,2397.2117775774173
2016-06-28,6902.083333528645,2445.6691813464768
2016-06-29,6883.333333333333,2496.2750026567364
2016-06-30,6883.333333333333,2496.2750026567364
2016-07-01,6883.333333333333,2496.2750026567364
2016-07-02,6883.333333333333,2496.2750026567364
2016-07-03,6883.333333333333,2496.2750026567364
2016-07-04,6800.0,2371.0054126185937
2016-07-05,6800.0,2371.0054126185937
2016-07-06,6804.166666666667,2375.7856887541197
2016-07-07,6808.333333333333,2380.636586200329
2016-07-08,6808.333333333333,2380.636586200329
2016-07-09,6808.333333333333,2380.636586200329
2016-07-10,6808.333333333333,2380.636586200329
2016-07-11,6808.333333333333,2380.636586200329
2016-07-12,6841.666666666667,2353.528674612277
2016-07-13,6808.333333333333,2380.636586200329
2016-07-14,6808.333333333333,2380.636586200329
2016-07-15,6808.333333333333,2380.636586200329
2016-07-16,6808.333333333333,2380.636586200329
2016-07-17,6808.333333333333,2380.636586200329
2016-07-18,6808.333333333333,2380.636586200329
2016-07-19,6841.666666666667,2421.933915054019
2016-07-20,6808.333333333333,2451.006029277683
2016-07-21,6808.333333333333,2451.006029277683
2016-07-22,6808.333333333333,2451.006029277683
2016-07-23,6808.333333333333,2451.006029277683
2016-07-24,6808.333333333333,2451.006029277683
2016-07-25,6808.333333333333,2451.006029277683
2016-07-26,6808.333333333333,2451.006029277683
2016-07-27,6841.666666666667,2421.933915054019
2016-07-28,6841.666666666667,2421.933915054019
2016-07-29,6841.666666666667,2421.933915054019
2016-07-30,6841.666666666667,2421.933915054019
2016-07-31,6841.666666666667,2421.933915054019
2016-08-01,6841.666666666667,2421.933915054019
2016-08-02,6841.666666666667,2421.933915054019
2016-08-03,6891.666666666667,2491.806016170244
2016-08-04,6891.666666666667,2491.806016170244
2016-08-05,6891.666666666667,2491.806016170244
2016-08-06,6878.333333037037,2503.1507925348606
2016-08-07,6854.16666712963,2524.480831797279
2016-08-08,6841.666666666667,2535.895086333204
2016-08-09,6900.0,2575.849374478252
2016-08-10,6883.333333333333,2590.9564943386363
2016-08-11,6900.0,2575.849374478252
2016-08-12,6900.0,2575.849374478252
2016-08-13,6900.0,2575.849374478252
2016-08-14,6900.0,2575.849374478252
2016-08-15,6900.0,2575.849374478252
2016-08-16,6900.0,2575.849374478252
2016-08-17,6933.333333333333,2547.0025956449713
2016-08-18,6933.333333333333,2547.0025956449713
2016-08-19,6933.333333333333,2547.0025956449713
2016-08-20,6933.333333333333,2547.0025956449713
2016-08-21,6933.333333333333,2547.0025956449713
2016-08-22,6933.716281238058,2546.9678298596727
2016-08-23,6934.647632899799,2546.8859188509787
2016-08-24,6936.090909073425,2546.7663811207926
2016-08-25,6938.009760102609,2546.6213790766988
2016-08-26,6940.367965344879,2546.4649497829505
2016-08-27,6943.129432599766,2546.3122959292396
2016-08-28,6946.258197539959,2546.1791359187896
2016-08-29,6949.718423145503,2546.0811121852
2016-08-30,6953.47439914099,2546.0332570548253
2016-08-31,6957.4905414357245,2546.049515657037
2016-09-01,6961.731391566877,2546.1423255333475
2016-09-02,6966.161616145556,2546.322252698241
2016-09-03,6970.746006305829,2546.597683954706
2016-09-04,6975.4494771566415,2546.9745752651997
2016-09-05,6938.570400569973,2493.053754004129
2016-09-06,6943.407271305183,2493.7344116062977
2016-09-07,6948.258706469572,2494.5205662860412
2016-09-08,6953.090111648419,2495.4063404263925
2016-09-09,6991.20034703787,2468.5269945037207
2016-09-10,7006.9995046876065,2460.66039358636
2016-09-11,7008.786685768683,2463.9167904162846
2016-09-12,7004.861111129634,2471.7254299586866
2016-09-13,6942.411009680686,2523.931900224707
2016-09-14,6879.7358400986195,2585.846575654717
2016-09-15,6769.533064054033,2533.7149041672583
2016-09-16,6758.0404632031505,2552.8819667085677
2016-09-17,6754.241600235096,2562.725421939346
2016-09-18,6754.735872374789,2566.7706027731383
2016-09-19,6757.776386993483,2567.000461759007
2016-09-20,6762.365879699005,2564.5996851301866
2016-09-21,6767.887319682962,2560.3135697523694
2016-09-22,6773.93337849226,2554.63185482435
2016-09-23,6780.2201450601715,2547.8888365871762
2016-09-24,6786.6367783541355,2540.36710742834
2016-09-25,6793.518843376037,2532.473731959305
2016-09-26,6800.7741459816825,2524.3490332145543
2016-09-27,6808.333333333333,2516.1009297897585
2016-09-28,6816.666666666667,2507.2672152941514
2016-09-29,6816.666666666667,2507.2672152941514
2016-09-30,6816.666666666667,2507.2672152941514
2016-10-01,6818.98148127572,2504.8619990866287
2016-10-02,6822.685185390947,2501.0578606813165
2016-10-03,6825.0,2498.707999480265
2016-10-04,6825.0,2498.707999480265
2016-10-05,6833.333333333333,2490.42611258038
2016-10-06,6833.333333333333,2490.42611258038
2016-10-07,6833.333333333333,2490.42611258038
2016-10-08,6826.388888683127,2497.0302579296763
2016-10-09,6815.277777983539,2508.0007006358965
2016-10-10,6808.333333333333,2515.107132686178
2016-10-11,6800.0,2523.225449036742
2016-10-12,6800.0,2523.225449036742
2016-10-13,6800.0,2523.225449036742
2016-10-14,6800.0,2523.225449036742
2016-10-15,6800.0,2523.225449036742
2016-10-16,6798.394097190748,2522.46721843647
2016-10-17,6795.071335878292,2520.9333751221666
2016-10-18,6806.976744130882,2502.230121206636
2016-10-19,6801.051050999015,2499.7561722005853
2016-10-20,6794.845208486427,2497.0010052958337
2016-10-21,6788.501185853034,2494.1640271904557
2016-10-22,6800.744612410429,2476.9756856341883
2016-10-23,6824.325283449452,2452.7008714763356
2016-10-24,6837.06709970682,2437.8075962457597
2016-10-25,6831.302921648436,2436.1250935536727
2016-10-26,6809.3079920463015,2475.6785360857475
2016-10-27,6795.5732420383765,2531.4709124946057
2016-10-28,6805.182421272326,2552.5872628051225
2016-10-29,6801.796778219335,2552.271058714715
2016-10-30,6800.0,2552.123299006796
2016-10-31,6816.666666666667,2572.2342212343124
2016-11-01,6816.666666666667,2572.2342212343124
2016-11-02,6816.666666666667,2572.2342212343124
2016-11-03,6816.666666666667,2572.2342212343124
2016-11-04,6841.666666666667,2604.3099960556838
2016-11-05,6841.666666666667,2604.3099960556838
2016-11-06,6875.0,2578.153408934387
2016-11-07,6875.0,2578.153408934387
2016-11-08,6883.333333333333,2570.289650776521
2016-11-09,6883.333333333333,2570.289650776521
2016-11-10,6880.982905763752,2572.4800024965375
2016-11-11,6877.380952569917,2575.8788098560563
2016-11-12,6875.0,2578.153408934387
2016-11-13,6862.847222048611,2587.290572674241
2016-11-14,6845.2380954648515,2601.581369587343
2016-11-15,6833.333333333333,2611.938403221298
2016-11-16,6833.333333333333,2611.938403221298
2016-11-17,6835.714285525321,2609.731265824375
2016-11-18,6839.316239535394,2606.4341846422503
2016-11-19,6841.666666666667,2604.3099960556838
2016-11-20,6841.666666666667,2604.3099960556838
2016-11-21,6841.666666666667,2604.3099960556838
2016-11-22,6841.666666666667,2604.3099960556838
2016-11-23,6841.666666666667,2604.3099960556838
2016-11-24,6806.944444032922,2639.735853713176
2016-11-25,6815.740740946502,2628.7082690914685
2016-11-26,6818.981481687243,2619.5101898882112
2016-11-27,6816.666666666667,2616.242003756958
2016-11-28,6812.5,2620.2834611290946
2016-11-29,6716.666666666667,2485.234171841537
2016-11-30,6716.666666666667,2485.234171841537
2016-12-01,6712.134502744434,2489.864800795174
2016-12-02,6704.411764930155,2497.943935135111
2016-12-03,6698.888888887555,2503.7332619350673
2016-12-04,6700.694444442362,2501.5700124154732
2016-12-05,6700.0,2501.999200639361
2016-12-06,6706.249999804688,2524.301161351853
2016-12-07,6733.333333333333,2552.2321385189257
2016-12-08,6760.416666861979,2582.9863680604262
2016-12-09,6775.0,2600.681000558636
2016-12-10,6775.0,2600.681000558636
2016-12-11,6782.275132146532,2601.4222416128164
2016-12-12,6797.486772383892,2603.6940908052375
2016-12-13,6820.833333333333,2603.6399467326933
2016-12-14,6844.1798942827745,2605.151513650104
2016-12-15,6859.391534520135,2610.807178961198
2016-12-16,6869.58333313802,2610.780900571785
2016-12-17,6875.0,2605.163142684158
2016-12-18,6880.41666686198,2599.657395767227
2016-12-19,6879.166666666667,2601.0781685464376
2016-12-20,6869.892472943461,2609.210962779294
2016-12-21,6859.895833251302,2616.80946695765
2016-12-22,6848.484848561983,2625.9678349844307
2016-12-23,6838.725490341407,2634.2067721511676
2016-12-24,6835.243055554644,2637.0917845983613
2016-12-25,6839.141414139485,2633.4069855037997
2016-12-26,6850.0,2623.451924468981
2016-12-27,6875.0,2602.2826518270454
2016-12-28,6875.0,2602.2826518270454
2016-12-29,6875.0,2602.2826518270454
2016-12-30,6875.0,2602.2826518270454
2016-12-31,6879.629629423868,2598.6338345456775
2017-01-01,6887.037037242798,2592.974178113584
2017-01-02,6891.666666666667,2589.548974027888
2017-01-03,6891.666666666667,2589.548974027888
2017-01-04,6908.333333333333,2576.321128189488
2017-01-05,6925.0,2563.5668510885375
2017-01-06,6925.0,2563.5668510885375
2017-01-07,6915.740740329219,2570.5936705712097
2017-01-08,6900.925926337448,2582.1421317801955
2017-01-09,6904.166666666667,2576.3716681065684
2017-01-10,6916.666666666667,2563.7970971891586
2017-01-11,6922.171332989982,2558.4530579876155
2017-01-12,6921.479500774495,2559.1181595046487
2017-01-13,6950.99635313149,2536.2234757498386
2017-01-14,6962.445887394748,2528.9823092633133
2017-01-15,6956.870428404692,2534.804109673812
2017-01-16,6934.937238505117,2552.805483824858
2017-01-17,6855.42662714254,2536.988532720033
2017-01-18,6851.982591908945,2540.6637548506073
2017-01-19,6883.161100324219,2517.0779313082985
2017-01-20,6890.792540811025,2606.5276064729637
2017-01-21,6896.296296090535,2602.271615157908
2017-01-22,6906.233465615297,2594.423998311816
2017-01-23,6914.144905485909,2587.822844924215
2017-01-24,6916.666666666667,2585.1606440520395
2017-01-25,6916.666666666667,2585.1606440520395
2017-01-26,6916.666666666667,2585.1606440520395
2017-01-27,6916.666666666667,2585.1606440520395
2017-01-28,6916.666666666667,2585.1606440520395
2017-01-29,6916.666666666667,2585.1606440520395
2017-01-30,6916.666666666667,2585.1606440520395
2017-01-31,6916.666666666667,2585.1606440520395
2017-02-01,6900.0,2596.792893808309
2017-02-02,6900.0,2596.792893808309
2017-02-03,6900.0,2596.792893808309
2017-02-04,6900.0,2596.792893808309
2017-02-05,6900.0,2596.792893808309
2017-02-06,6900.0,2596.792893808309
2017-02-07,6900.0,2596.792893808309
2017-02-08,6783.333333333333,2538.3174654789646
2017-02-09,6808.333333333333,2516.7632431800616
2017-02-10,6808.333333333333,2516.7632431800616
2017-02-11,6810.6481479423865,2515.0191427696436
2017-02-12,6814.3518520576135,2512.2748636780434
2017-02-13,6816.666666666667,2510.5886870524123
2017-02-14,6816.666666666667,2510.5886870524123
2017-02-15,6816.666666666667,2510.5886870524123
2017-02-16,6816.666666666667,2510.5886870524123
2017-02-17,6816.666666666667,2510.5886870524123
2017-02-18,6816.666666666667,2510.5886870524123
2017-02-19,6816.666666666667,2510.5886870524123
2017-02-20,6816.666666666667,2510.5886870524123
2017-02-21,6783.333333333333,2538.3174654789646
2017-02-22,6783.333333333333,2538.3174654789646
2017-02-23,6784.791666471355,2536.8374461982
2017-02-24,6787.5,2534.1110374251557
2017-02-25,6790.208333528645,2531.4135661953082
2017-02-26,6770.833333333333,2508.5236638752726
2017-02-27,6750.0,2488.8082824248772
2017-02-28,6750.0,2488.8082824248772
2017-03-01,6750.0,2488.8082824248772
2017-03-02,6750.0,2488.8082824248772
2017-03-03,6750.0,2488.8082824248772
2017-03-04,6747.685184979423,2490.447241218544
2017-03-05,6743.981481687243,2493.116509301322
2017-03-06,6741.666666666667,2494.814065661452
2017-03-07,6741.666666666667,2494.814065661452
2017-03-08,6741.666666666667,2494.814065661452
2017-03-09,6808.333333333333,2441.467568674401
2017-03-10,6808.333333333333,2441.467568674401
2017-03-11,6810.6481479423865,2439.669640579318
2017-03-12,6814.3518520576135,2436.8405071598754
2017-03-13,6816.666666666667,2435.1020968785315
2017-03-14,6816.666666666667,2435.1020968785315
2017-03-15,6808.333333333333,2441.467568674401
2017-03-16,6808.333333333333,2441.467568674401
2017-03-17,6808.333333333333,2441.467568674401
2017-03-18,6808.333333333333,2441.467568674401
2017-03-19,6806.018518312757,2439.4007922239985
2017-03-20,6802.314815020577,2436.14062917985
2017-03-21,6733.333333333333,2487.4127567056944
2017-03-22,6733.333333333333,2487.4127567056944
2017-03-23,6733.333333333333,2487.4127567056944
2017-03-24,6733.333333333333,2487.4127567056944
2017-03-25,6733.333333333333,2487.4127567056944
2017-03-26,6733.333333333333,2487.4127567056944
2017-03-27,6758.333333333333,2510.4642111680373
2017-03-28,6741.666666666667,2525.0275026004942
2017-03-29,6741.666666666667,2525.0275026004942
2017-03-30,6758.333333333333,2510.4642111680373
2017-03-31,6758.333333333333,2510.4642111680373
2017-04-01,6770.833333333333,2522.933009856231
2017-04-02,6783.333333333333,2536.018313989252
2017-04-03,6758.333333333333,2510.4642111680373
2017-04-04,6758.333333333333,2510.4642111680373
2017-04-05,6758.333333333333,2510.4642111680373
2017-04-06,6741.666666666667,2525.0275026004942
2017-04-07,6758.333333333333,2510.4642111680373
2017-04-08,6754.365078987151,2513.889202417115
2017-04-09,6746.212121365166,2521.00940222682
2017-04-10,6741.666666666667,2525.0275026004942
2017-04-11,6745.833333333333,2521.0330499398233
2017-04-12,6750.0,2517.108129050743
2017-04-13,6750.0,2517.108129050743
2017-04-14,6750.0,2517.108129050743
2017-04-15,6746.428571050642,2504.900808994415
2017-04-16,6732.174145542141,2471.4013945917263
2017-04-17,6712.5,2432.7731946621466
2017-04-18,6704.791666861979,2417.0924465749517
2017-04-19,6691.666666666667,2400.853436222674
2017-04-20,6691.666666666667,2400.853436222674
2017-04-21,6691.666666666667,2400.853436222674
2017-04-22,6691.666666666667,2400.853436222674
2017-04-23,6675.0,2384.0179669345334
2017-04-24,6691.666666666667,2400.853436222674
2017-04-25,6658.333333333333,2428.4625909318747
2017-04-26,6658.333333333333,2428.4625909318747
2017-04-27,6658.333333333333,2428.4625909318747
2017-04-28,6658.333333333333,2428.4625909318747
2017-04-29,6660.6481479423865,2426.6073313105644
2017-04-30,6664.3518520576135,2423.686545766477
2017-05-01,6666.666666666667,2421.8909049656954
2017-05-02,6691.666666666667,2449.305457108652
2017-05-03,6708.333333333333,2434.6315030319383
2017-05-04,6708.333333333333,2434.6315030319383
2017-05-05,6708.333333333333,2434.6315030319383
2017-05-06,6708.333333333333,2434.6315030319383
2017-05-07,6708.333333333333,2434.6315030319383
2017-05-08,6708.333333333333,2434.6315030319383
2017-05-09,6691.666666666667,2449.305457108652
2017-05-10,6691.666666666667,2449.305457108652
2017-05-11,6691.666666666667,2449.305457108652
2017-05-12,6683.333333333333,2455.8886149190253
2017-05-13,6683.333333333333,2455.8886149190253
2017-05-14,6683.333333333333,2455.8886149190253
2017-05-15,6683.333333333333,2455.8886149190253
2017-05-16,6683.333333333333,2455.8886149190253
2017-05-17,6683.333333333333,2455.8886149190253
2017-05-18,6683.333333333333,2455.8886149190253
2017-05-19,6691.666666666667,2465.5825320240697
2017-05-20,6670.061728212163,2485.1826363353216
2017-05-21,6626.851852263375,2526.6988264375022
2017-05-22,6608.333333333333,2545.4070837927325
2017-05-23,6691.666666666667,2465.5825320240697
2017-05-24,6691.666666666667,2465.5825320240697
2017-05-25,6691.666666666667,2465.5825320240697
2017-05-26,6683.333333333333,2472.4594143394056
2017-05-27,6683.333333333333,2472.4594143394056
2017-05-28,6683.333333333333,2472.4594143394056
2017-05-29,6633.333333333333,2418.4476196289406
2017-05-30,6633.333333333333,2418.4476196289406
2017-05-31,6616.666666666667,2433.390410289497
2017-06-01,6616.666666666667,2433.390410289497
2017-06-02,6616.666666666667,2433.390410289497
2017-06-03,6616.666666666667,2433.390410289497
2017-06-04,6616.666666666667,2433.390410289497
2017-06-05,6575.0,2396.220983131564
2017-06-06,6545.833333333333,2356.149607351414
2017-06-07,6550.0,2352.4809598946104
2017-06-08,6533.333333333333,2366.19713652284
2017-06-09,6533.333333333333,2366.19713652284
2017-06-10,6528.703703497943,2370.221892232037
2017-06-11,6521.296296502057,2376.853655181263
2017-06-12,6558.333333333333,2410.89828809835
2017-06-13,6612.5,2371.0163959787374
2017-06-14,6666.666666666667,2344.2601296689654
2017-06-15,6666.666666666667,2344.2601296689654
2017-06-16,6666.666666666667,2344.2601296689654
2017-06-17,6666.666666666667,2344.2601296689654
2017-06-18,6666.666666666667,2344.2601296689654
2017-06-19,6666.666666666667,2344.2601296689654
2017-06-20,6666.666666666667,2344.2601296689654
2017-06-21,6675.0,2335.995505132662
2017-06-22,6675.0,2335.995505132662
2017-06-23,6683.333333333333,2328.0296867141155
2017-06-24,6684.722222016461,2326.7313182736452
2017-06-25,6665.756944586222,2326.085286521515
2017-06-26,6654.687499920655,2330.2990758111705
2017-06-27,6655.457427482234,2337.3259431367137
2017-06-28,6637.5,2347.971198716032
2017-06-29,6490.788690380963,2254.0549431131944
2017-06-30,6492.291666700924,2281.8750188380695
2017-07-01,6398.4655212217485,2239.3455881290142
2017-07-02,6387.592593164115,2271.325542060159
2017-07-03,6383.333333333333,2286.8585925286725
2017-07-04,6383.333333333333,2286.8585925286725
2017-07-05,6383.333333333333,2286.8585925286725
2017-07-06,6383.333333333333,2286.8585925286725
2017-07-07,6400.0,2296.373953286645
2017-07-08,6400.0,2296.373953286645
2017-07-09,6400.0,2296.373953286645
2017-07-10,6400.0,2296.373953286645
2017-07-11,6558.333333333333,2414.3523401157136
2017-07-12,6558.333333333333,2414.3523401157136
2017-07-13,6558.333333333333,2414.3523401157136
2017-07-14,6558.333333333333,2414.3523401157136
2017-07-15,6558.333333333333,2414.3523401157136
2017-07-16,6516.666666666667,2393.3356545949746
2017-07-17,6350.0,2244.808826307191
2017-07-18,6350.0,2244.808826307191
2017-07-19,6333.333333333333,2256.964529825156
2017-07-20,6308.333333333333,2245.535694562782
2017-07-21,6300.0,2252.0361157553994
2017-07-22,6300.0,2252.0361157553994
2017-07-23,6300.0,2252.0361157553994
2017-07-24,6300.0,2252.0361157553994
2017-07-25,6300.0,2252.0361157553994
2017-07-26,6300.0,2252.0361157553994
2017-07-27,6325.0,2263.524169666997
2017-07-28,6283.333333333333,2208.632055267594
2017-07-29,6267.129629501029,2189.2701047602077
2017-07-30,6278.703703600823,2202.983659084873
2017-07-31,6304.166666666667,2235.1788084078544
2017-08-01,6329.62962973251,2270.0607004338385
2017-08-02,6341.203703832304,2286.7713803960673
2017-08-03,6325.0,2263.524169666997
2017-08-04,6315.885416529338,2225.015163330107
2017-08-05,6241.666666666667,2151.5336907011756
2017-08-06,6163.541666910806,2102.7354353800274
2017-08-07,6116.666666666667,2088.3938538716516
2017-08-08,6116.666666666667,2088.3938538716516
2017-08-09,6116.666666666667,2088.3938538716516
2017-08-10,6116.666666666667,2088.3938538716516
2017-08-11,6116.666666666667,2088.3938538716516
2017-08-12,6116.666666666667,2088.3938538716516
2017-08-13,6116.666666666667,2088.3938538716516
2017-08-14,6116.666666666667,2088.3938538716516
2017-08-15,6116.666666666667,2088.3938538716516
2017-08-16,6116.666666666667,2088.3938538716516
2017-08-17,6116.666666666667,2088.3938538716516
2017-08-18,6116.666666666667,2088.3938538716516
2017-08-19,6158.333333333333,2130.124539916752
2017-08-20,6267.083333138021,2197.271469198981
2017-08-21,6391.666666666667,2287.450667349037
2017-08-22,6516.250000195312,2445.060603666845
2017-08-23,6583.333333333333,2553.7010179128038
2017-08-24,6583.333333333333,2553.7010179128038
2017-08-25,6541.666666666667,2542.4588929267316
2017-08-26,6543.98148127572,2540.2464748356138
2017-08-27,6547.685185390947,2536.7509214273746
2017-08-28,6550.0,2534.593984579516
2017-08-29,6533.333333333333,2525.6462319352827
2017-08-30,6533.333333333333,2525.6462319352827
2017-08-31,6491.666666666667,2454.74314112269
2017-09-01,6491.666666666667,2454.74314112269
2017-09-02,6491.666666666667,2454.74314112269
2017-09-03,6491.666666666667,2454.74314112269
2017-09-04,6484.374999804688,2442.9273175176354
2017-09-05,6454.166666666667,2412.9389353142687
2017-09-06,6423.958333528645,2408.159190584161
2017-09-07,6416.666666666667,2397.1626746820684
2017-09-08,6416.666666666667,2397.1626746820684
2017-09-09,6416.666666666667,2397.1626746820684
2017-09-10,6413.392856947544,2399.8034063112414
2017-09-11,6408.333333333333,2403.9752956763555
2017-09-12,6403.273809719122,2408.2568859330327
2017-09-13,6391.666666666667,2407.0931062636987
2017-09-14,6391.666666666667,2407.0931062636987
2017-09-15,6441.666666666667,2415.0425577110555
2017-09-16,6458.6419751257445,2410.8749166926636
2017-09-17,6461.342592808803,2380.388206731733
2017-09-18,6450.0,2341.117966556434
2017-09-19,6397.916666861979,2342.1957811171683
2017-09-20,6383.333333333333,2331.606503870001
2017-09-21,6408.333333333333,2313.8922235536866
2017-09-22,6408.333333333333,2313.8922235536866
2017-09-23,6408.333333333333,2313.8922235536866
2017-09-24,6408.333333333333,2313.8922235536866
2017-09-25,6408.333333333333,2313.8922235536866
2017-09-26,6408.333333333333,2313.8922235536866
2017-09-27,6408.333333333333,2313.8922235536866
2017-09-28,6400.0,2319.4827009486403
2017-09-29,6425.0,2294.9673200287625
2017-09-30,6435.119047409885,2285.995379081781
2017-10-01,6455.871212130282,2291.4261938810714
2017-10-02,6483.333333333333,2312.9466535616907
2017-10-03,6502.083333528645,2344.77385063669
2017-10-04,6516.666666666667,2359.672764506883
2017-10-05,6508.675799075111,2366.58152224224
2017-10-06,6492.8104574968165,2369.5536016474184
2017-10-07,6495.736072026996,2366.8039292059734
2017-10-08,6500.42216532724,2362.346196980522
2017-10-09,6483.918409909042,2319.602388241882
2017-10-10,6446.290627244344,2233.9334311882562
2017-10-11,6392.970375098571,2133.38066686003
2017-10-12,6333.356728625338,2040.1649175972386
2017-10-13,6276.70452048345,1969.8655938276397
2017-10-14,6234.725436888809,1926.0796490089851
2017-10-15,6216.908212676438,1907.6469533312693
2017-10-16,6206.237663768745,1889.2171829325223
2017-10-17,6187.219318506574,1865.1905505846796
2017-10-18,6167.315462697493,1846.0233885663943
2017-10-19,6165.885983875829,1838.75659827705
2017-10-20,6186.295793679317,1843.9785036021624
2017-10-21,6202.091173683922,1843.4802434173282
2017-10-22,6216.703389619443,1842.7362158046699
2017-10-23,6225.0,1841.7043736713013
2017-10-24,6200.0,1827.5666882497064
2017-10-25,6233.333333333333,1795.9831724032258
2017-10-26,6266.666666666667,1766.981104093143
2017-10-27,6259.090908574381,1773.33905571184
2017-10-28,6233.333333333333,1795.9831724032258
2017-10-29,6210.784313941753,1817.0740152634564
2017-10-30,6200.0,1827.5666882497064
2017-10-31,6158.333333333333,1744.2564477609235
2017-11-01,6158.333333333333,1744.2564477609235
2017-11-02,6158.333333333333,1744.2564477609235
2017-11-03,6116.666666666667,1668.2492486302986
2017-11-04,6075.0,1600.5858302509116
2017-11-05,6075.0,1600.5858302509116
2017-11-06,6083.333333333333,1608.2253849783892
2017-11-07,6104.166666666667,1640.6881601599034
2017-11-08,6125.0,1675.3730927766508
2017-11-09,6125.0,1675.3730927766508
2017-11-10,6125.0,1675.3730927766508
2017-11-11,6125.0,1675.3730927766508
2017-11-12,6125.0,1675.3730927766508
2017-11-13,6125.0,1675.3730927766508
2017-11-14,6108.333333333333,1662.557434262715
2017-11-15,6083.333333333333,1646.6295542376522
2017-11-16,6125.0,1675.3730927766508
2017-11-17,6125.0,1675.3730927766508
2017-11-18,6083.333333333333,1608.2253849783892
2017-11-19,6083.333333333333,1608.2253849783892
2017-11-20,6083.333333333333,1608.2253849783892
2017-11-21,6091.666666666667,1599.1968470315203
2017-11-22,6091.666666666667,1599.1968470315203
2017-11-23,6091.666666666667,1599.1968470315203
2017-11-24,6087.037036831276,1593.1555849778756
2017-11-25,6079.629629835391,1583.7512987827756
2017-11-26,6075.0,1578.039395367978
2017-11-27,6075.0,1578.039395367978
2017-11-28,6075.0,1578.039395367978
2017-11-29,6066.666666666667,1586.050300449376
2017-11-30,6066.666666666667,1586.050300449376
2017-12-01,6066.666666666667,1586.050300449376
2017-12-02,6066.666666666667,1586.050300449376
2017-12-03,6066.666666666667,1586.050300449376
2017-12-04,6066.666666666667,1586.050300449376
2017-12-05,6066.666666666667,1586.050300449376
2017-12-06,6066.666666666667,1586.050300449376
2017-12-07,6066.666666666667,1586.050300449376
2017-12-08,6058.333333333333,1578.7433469552786
2017-12-09,6058.333333333333,1578.7433469552786
2017-12-10,6058.333333333333,1578.7433469552786
2017-12-11,6058.333333333333,1578.7433469552786
2017-12-12,6058.333333333333,1578.7433469552786
2017-12-13,6058.333333333333,1578.7433469552786
2017-12-14,6075.0,1561.5830642865806
2017-12-15,6075.0,1561.5830642865806
2017-12-16,6075.0,1561.5830642865806
2017-12-17,6075.0,1561.5830642865806
2017-12-18,6075.0,1561.5830642865806
2017-12-19,6075.0,1599.0231392947383
2017-12-20,6075.0,1599.0231392947383
2017-12-21,6075.0,1599.0231392947383
2017-12-22,6075.0,1599.0231392947383
2017-12-23,6075.0,1599.0231392947383
2017-12-24,6075.0,1599.0231392947383
2017-12-25,6075.0,1599.0231392947383
2017-12-26,6075.0,1599.0231392947383
2017-12-27,6075.0,1599.0231392947383
2017-12-28,6075.0,1599.0231392947383
2017-12-29,6075.0,1599.0231392947383
2017-12-30,6075.0,1599.0231392947383
2017-12-31,6075.0,1599.0231392947383
2018-01-01,6075.0,1599.0231392947383
2018-01-02,6075.0,1599.0231392947383
2018-01-03,6083.333333333333,1590.379060336106
2018-01-04,6091.666666666667,1581.9072525137356
2018-01-05,6091.666666666667,1581.9072525137356
2018-01-06,6091.666666666667,1581.9072525137356
2018-01-07,6091.666666666667,1581.9072525137356
2018-01-08,6091.666666666667,1581.9072525137356
2018-01-09,6091.666666666667,1581.9072525137356
2018-01-10,6091.666666666667,1581.9072525137356
2018-01-11,6091.666666666667,1581.9072525137356
2018-01-12,6091.666666666667,1581.9072525137356
2018-01-13,6091.666666666667,1581.9072525137356
2018-01-14,6091.666666666667,1581.9072525137356
2018-01-15,6091.666666666667,1581.9072525137356
2018-01-16,6091.666666666667,1581.9072525137356
2018-01-17,6091.666666666667,1581.9072525137356
2018-01-18,6091.666666666667,1581.9072525137356
2018-01-19,6091.666666666667,1581.9072525137356
2018-01-20,6091.666666666667,1581.9072525137356
2018-01-21,6091.666666666667,1581.9072525137356
2018-01-22,6091.666666666667,1581.9072525137356
2018-01-23,6091.666666666667,1581.9072525137356
2018-01-24,6091.666666666667,1581.9072525137356
2018-01-25,6091.666666666667,1581.9072525137356
2018-01-26,6091.666666666667,1581.9072525137356
2018-01-27,6091.666666666667,1581.9072525137356
2018-01-28,6091.666666666667,1581.9072525137356
2018-01-29,6091.666666666667,1581.9072525137356
2018-01-30,6091.666666666667,1581.9072525137356
2018-01-31,6091.666666666667,1581.9072525137356
2018-02-01,6075.0,1599.0231392947383
2018-02-02,6075.0,1599.0231392947383
2018-02-03,6079.320987471423,1594.5196915166578
2018-02-04,6067.129630041153,1570.37002873703
2018-02-05,6066.666666666667,1560.092589844875
2018-02-06,6050.0,1577.1810295587504
2018-02-07,6050.0,1577.1810295587504
2018-02-08,6066.666666666667,1560.092589844875
2018-02-09,6066.666666666667,1560.092589844875
2018-02-10,6062.037036625515,1564.7690661530287
2018-02-11,6054.629630041152,1572.3642670309537
2018-02-12,6050.0,1577.1810295587504
2018-02-13,6050.0,1577.1810295587504
2018-02-14,6050.0,1577.1810295587504
2018-02-15,6050.0,1577.1810295587504
2018-02-16,6050.0,1577.1810295587504
2018-02-17,6050.0,1577.1810295587504
2018-02-18,6050.0,1577.1810295587504
2018-02-19,6048.541666471355,1574.9214456007398
2018-02-20,6020.833333333333,1549.6583404809662
2018-02-21,6018.125000195312,1545.4331667245451
2018-02-22,6016.666666666667,1543.1749378760949
2018-02-23,6016.666666666667,1543.1749378760949
2018-02-24,6016.666666666667,1543.1749378760949
2018-02-25,6016.666666666667,1543.1749378760949
2018-02-26,6016.666666666667,1543.1749378760949
2018-02-27,6016.666666666667,1543.1749378760949
2018-02-28,6016.666666666667,1543.1749378760949
2018-03-01,6019.0476188586545,1541.6257579901137
2018-03-02,6022.649572868727,1539.3561618777126
2018-03-03,6025.0,1537.923383440584
2018-03-04,6066.666666666667,1571.2698332523569
2018-03-05,6108.333333333333,1611.6546018162687
2018-03-06,6108.333333333333,1611.6546018162687
2018-03-07,6108.333333333333,1611.6546018162687
2018-03-08,6091.666666666667,1592.9314346686601
2018-03-09,6091.666666666667,1592.9314346686601
2018-03-10,6091.666666666667,1592.9314346686601
2018-03-11,6091.666666666667,1592.9314346686601
2018-03-12,6091.666666666667,1592.9314346686601
2018-03-13,6066.666666666667,1568.08446484521
2018-03-14,6066.666666666667,1568.08446484521
2018-03-15,6066.666666666667,1568.08446484521
2018-03-16,6066.666666666667,1568.08446484521
2018-03-17,6066.666666666667,1568.08446484521
2018-03-18,6066.666666666667,1568.08446484521
2018-03-19,6066.666666666667,1568.08446484521
2018-03-20,6041.666666666667,1547.2870523022618
2018-03-21,6041.666666666667,1547.2870523022618
2018-03-22,6041.666666666667,1547.2870523022618
2018-03-23,6058.333333333333,1529.9555185981353
2018-03-24,6058.333333333333,1529.9555185981353
2018-03-25,6058.333333333333,1529.9555185981353
2018-03-26,6058.333333333333,1529.9555185981353
2018-03-27,6058.333333333333,1529.9555185981353
2018-03-28,6058.333333333333,1529.9555185981353
2018-03-29,6058.333333333333,1529.9555185981353
2018-03-30,6058.333333333333,1529.9555185981353
2018-03-31,6058.333333333333,1529.9555185981353
2018-04-01,6058.333333333333,1529.9555185981353
2018-04-02,6058.333333333333,1529.9555185981353
2018-04-03,6041.666666666667,1518.4741976368543
2018-04-04,6041.666666666667,1518.4741976368543
2018-04-05,6042.968749914551,1517.157797276388
2018-04-06,6045.833333235678,1514.301039813763
2018-04-07,6049.739583272298,1510.493061165546
2018-04-08,6054.166666666667,1506.3004256197441
2018-04-09,5991.927083394369,1411.887114819944
2018-04-10,5887.500000097655,1322.2652594863478
2018-04-11,5890.364583418782,1319.8328506325074
2018-04-12,5891.666666666667,1318.7483543960243
2018-04-13,5900.416666276043,1309.6281415381297
2018-04-14,5916.666666666667,1293.3054120697434
2018-04-15,5932.916667057291,1277.8077061107886
2018-04-16,5941.666666666667,1269.8151659023276
2018-04-17,5941.666666666667,1269.8151659023276
2018-04-18,5983.333333333333,1295.3978367882028
2018-04-19,5958.333333333333,1291.2902677382633
2018-04-20,5983.333333333333,1272.0281268728124
2018-04-21,6008.333333333333,1290.6447570454425
2018-04-22,6008.333333333333,1290.6447570454425
2018-04-23,6008.333333333333,1290.6447570454425
2018-04-24,6037.5,1318.6364485078263
2018-04-25,6071.041666471355,1347.9828521499828
2018-04-26,6037.5,1285.3541989143175
2018-04-27,6045.625000195312,1276.8377786682954
2018-04-28,6040.598290159983,1280.3719061547247
2018-04-29,6034.52380990174,1299.6134735050891
2018-04-30,6025.0,1308.3864108129524
2018-05-01,6025.0,1308.3864108129524
2018-05-02,6025.0,1308.3864108129524
2018-05-03,6041.666666666667,1291.2902677382633
2018-05-04,6025.0,1307.7493388770392
2018-05-05,6015.740740736626,1317.2600501768084
2018-05-06,6011.111111108796,1322.1113398909276
2018-05-07,6008.333333333333,1325.0524098649416
2018-05-08,6008.333333333333,1325.0524098649416
2018-05-09,6008.333333333333,1325.0524098649416
2018-05-10,6008.333333333333,1325.0524098649416
2018-05-11,5991.666666666667,1343.1668631343696
2018-05-12,5985.582010374208,1351.2721827623063
2018-05-13,5988.703703905466,1350.2736219663884
2018-05-14,6008.333333333333,1329.4474625029586
2018-05-15,6058.333333333333,1276.3609294483367
2018-05-16,6058.333333333333,1276.3609294483367
2018-05-17,6058.333333333333,1276.3609294483367
2018-05-18,6058.333333333333,1276.3609294483367
2018-05-19,6058.333333333333,1276.3609294483367
2018-05-20,6058.333333333333,1276.3609294483367
2018-05-21,6050.0,1269.8425099200294
2018-05-22,6050.0,1269.8425099200294
2018-05-23,6050.0,1269.8425099200294
2018-05-24,6050.0,1269.8425099200294
2018-05-25,6052.170138803439,1271.4853787021004
2018-05-26,6043.055555046377,1289.2263390722494
2018-05-27,6027.343750350487,1318.265974840512
2018-05-28,6020.833333333333,1340.313758872236
2018-05-29,6028.21180561659,1347.285633030655
2018-05-30,6034.722222319878,1353.7748721965918
2018-05-31,6040.982315696489,1357.0516187598535
2018-06-01,6046.212120997858,1355.919876127065
2018-06-02,6050.0,1351.6964649407548
2018-06-03,6053.743961548695,1347.5613288187076
2018-06-04,6056.737588887212,1344.2832819728742
2018-06-05,6058.333333333333,1342.5462954980567
2018-06-06,6058.986928103652,1341.836939946906
2018-06-07,6058.333333333333,1342.5462954980567
2018-06-08,6041.666666666667,1361.0402475884227
2018-06-09,6041.666666666667,1361.0402475884227
2018-06-10,6041.666666666667,1361.0402475884227
2018-06-11,6041.666666666667,1361.0402475884227
2018-06-12,6041.666666666667,1361.0402475884227
2018-06-13,6041.666666666667,1361.0402475884227
2018-06-14,6041.666666666667,1361.0402475884227
2018-06-15,6058.333333333333,1342.5462954980567
2018-06-16,6058.333333333333,1342.5462954980567
2018-06-17,6058.333333333333,1342.5462954980567
2018-06-18,6058.333333333333,1342.5462954980567
2018-06-19,6058.333333333333,1342.5462954980567
2018-06-20,6101.539854895243,1377.2967628269505
2018-06-21,6104.166666666667,1375.4481592880513
2018-06-22,6106.845238307823,1373.6174698753482
2018-06-23,6108.333333333333,1372.624210125343
2018-06-24,6108.333333333333,1372.624210125343
2018-06-25,6108.333333333333,1372.624210125343
2018-06-26,6108.333333333333,1372.624210125343
2018-06-27,6141.666666666667,1337.5713895797196
2018-06-28,6141.666666666667,1337.5713895797196
2018-06-29,6141.666666666667,1337.5713895797196
2018-06-30,6141.666666666667,1337.5713895797196
2018-07-01,6141.666666666667,1337.5713895797196
2018-07-02,6141.666666666667,1337.5713895797196
2018-07-03,6141.666666666667,1337.5713895797196
2018-07-04,6141.666666666667,1337.5713895797196
2018-07-05,6143.98148127572,1335.962797663888
2018-07-06,6147.685185390947,1333.4769565071133
2018-07-07,6150.0,1331.978478304611
2018-07-08,6150.0,1331.978478304611
2018-07-09,6154.166666666667,1327.8206350591515
2018-07-10,6158.333333333333,1323.7940004228585
2018-07-11,6166.666666666667,1318.6693629901656
2018-07-12,6166.666666666667,1318.6693629901656
2018-07-13,6166.666666666667,1318.6693629901656
2018-07-14,6166.666666666667,1318.6693629901656
2018-07-15,6141.666666666667,1309.235357841447
2018-07-16,6058.333333333333,1250.6387257006807
2018-07-17,6058.333333333333,1250.6387257006807
2018-07-18,6026.458333138021,1284.633726475012
2018-07-19,6029.166666666667,1282.325090953495
2018-07-20,6031.875000195312,1280.0753251788562
2018-07-21,6049.537036419754,1263.127484600922
2018-07-22,6075.462963580246,1238.887763767274
2018-07-23,6091.666666666667,1224.3762584361973
2018-07-24,6108.333333333333,1210.6873621579143
2018-07-25,6108.333333333333,1210.6873621579143
2018-07-26,6113.034187815035,1207.2560132832523
2018-07-27,6136.904762093726,1192.2290665355365
2018-07-28,6141.666666666667,1189.158198988773
2018-07-29,6141.666666666667,1189.158198988773
2018-07-30,6166.666666666667,1199.5369476964388
2018-07-31,6191.666666666667,1175.7680704779984
2018-08-01,6208.333333333333,1157.913593014992
2018-08-02,6208.333333333333,1157.913593014992
2018-08-03,6208.333333333333,1157.913593014992
2018-08-04,6208.333333333333,1157.913593014992
2018-08-05,6176.587301586282,1124.6154265561647
2018-08-06,6112.222222220222,1108.0908952342438
2018-08-07,6116.666666666667,1105.918421745273
2018-08-08,6125.0,1102.364882120858
2018-08-09,6125.0,1102.364882120858
2018-08-10,6125.0,1102.364882120858
2018-08-11,6125.0,1102.364882120858
2018-08-12,6125.0,1102.364882120858
2018-08-13,6125.0,1102.364882120858
2018-08-14,6166.666666666667,1067.1873729054748
2018-08-15,6170.999999840001,1065.7943829692229
2018-08-16,6171.333333253333,1065.6951826261934
2018-08-17,6170.333333413334,1065.9961955075992
2018-08-18,6170.666666826666,1065.8947206231496
2018-08-19,6175.0,1064.6791378939793
2018-08-20,6183.333333333333,1062.8839175668347
2018-08-21,6183.333333333333,1062.8839175668347
2018-08-22,6183.333333333333,1062.8839175668347
2018-08-23,6183.333333333333,1062.8839175668347
2018-08-24,6183.333333333333,1062.8839175668347
2018-08-25,6183.333333333333,1062.8839175668347
2018-08-26,6191.666666666667,1061.8053284644768
2018-08-27,6191.666666666667,1061.8053284644768
2018-08-28,6204.166666666667,1066.235264324384
2018-08-29,6208.333333333333,1078.1607280714484
2018-08-30,6208.333333333333,1078.1607280714484
2018-08-31,6208.333333333333,1078.1607280714484
2018-09-01,6208.333333333333,1078.1607280714484
2018-09-02,6250.0,1120.6396982676158
2018-09-03,6250.0,1120.6396982676158
2018-09-04,6250.0,1120.6396982676158
2018-09-05,6250.0,1120.6396982676158
2018-09-06,6250.0,1120.6396982676158
2018-09-07,6250.0,1120.6396982676158
2018-09-08,6250.0,1120.6396982676158
2018-09-09,6250.0,1120.6396982676158
2018-09-10,6250.0,1120.6396982676158
2018-09-11,6250.0,1120.6396982676158
2018-09-12,6250.0,1120.6396982676158
2018-09-13,6252.314814609053,1120.3561179303813
2018-09-14,6256.01851872428,1120.0117079566753
2018-09-15,6249.074073662552,1128.7713045491687
2018-09-16,6234.259259670781,1143.6572111380983
2018-09-17,6225.0,1153.346579885393
2018-09-18,6225.0,1153.346579885393
2018-09-19,6225.0,1153.346579885393
2018-09-20,6225.0,1153.346579885393
2018-09-21,6225.0,1153.346579885393
2018-09-22,6225.0,1153.346579885393
2018-09-23,6225.0,1153.346579885393
2018-09-24,6225.0,1153.346579885393
2018-09-25,6225.0,1153.346579885393
2018-09-26,6225.0,1153.346579885393
2018-09-27,6225.0,1153.346579885393
2018-09-28,6191.666666666667,1190.5589256964795
2018-09-29,6197.252746655664,1182.9941413958284
2018-09-30,6209.95671029872,1167.4747216615146
2018-10-01,6216.666666666667,1159.621585786597
2018-10-02,6237.037037034723,1165.3990762242495
2018-10-03,6233.333333333333,1169.2827811193588
2018-10-04,6200.0,1206.233808181482
2018-10-05,6191.666666666667,1212.750546851614
2018-10-06,6191.666666666667,1212.750546851614
2018-10-07,6191.666666666667,1212.750546851614
2018-10-08,6179.166666666667,1196.776631437778
2018-10-09,6166.666666666667,1182.041548433143
2018-10-10,6166.666666666667,1182.041548433143
2018-10-11,6166.666666666667,1182.041548433143
2018-10-12,6166.666666666667,1182.041548433143
2018-10-13,6166.429227914473,1181.8744058136374
2018-10-14,6165.8700979964915,1181.482791880626
2018-10-15,6165.035232793546,1180.903231898502
2018-10-16,6163.970588186466,1180.1731717504174
2018-10-17,6162.722120056077,1179.3299503526714
2018-10-18,6161.335784283207,1178.4099539746937
2018-10-19,6159.857536748685,1177.447951763286
2018-10-20,6164.666666166668,1169.2271907327888
2018-10-21,6173.475796584648,1156.7297841491068
2018-10-22,6181.759454067132,1145.2493949883603
2018-10-23,6187.277879943923,1137.1418778247842
2018-10-24,6189.250023669293,1133.0812226751673
2018-10-25,6188.029901237565,1132.6428202392794
2018-10-26,6184.1299020035085,1135.3611627966147
2018-10-27,6178.632500658406,1140.245823016686
2018-10-28,6174.444444905351,1144.328472593953
2018-10-29,6183.333333333333,1134.9253524155476
2018-10-30,6216.666666666667,1102.1443744910293
2018-10-31,6183.333333333333,1134.9253524155476
2018-11-01,6183.333333333333,1134.9253524155476
2018-11-02,6183.333333333333,1134.9253524155476
2018-11-03,6183.333333333333,1134.9253524155476
2018-11-04,6183.333333333333,1134.9253524155476
2018-11-05,6183.333333333333,1134.9253524155476
2018-11-06,6183.333333333333,1134.9253524155476
2018-11-07,6183.333333333333,1134.9253524155476
2018-11-08,6183.333333333333,1134.9253524155476
2018-11-09,6166.666666666667,1150.6037062728806
2018-11-10,6166.666666666667,1150.6037062728806
2018-11-11,6166.666666666667,1150.6037062728806
2018-11-12,6166.666666666667,1150.6037062728806
2018-11-13,6166.666666666667,1150.6037062728806
2018-11-14,6166.666666666667,1150.6037062728806
2018-11-15,6166.666666666667,1150.6037062728806
2018-11-16,6166.666666666667,1150.6037062728806
2018-11-17,6166.8779632902515,1150.8487466477418
2018-11-18,6167.383013783904,1151.4359698017543
2018-11-19,6168.150896687617,1152.3328806979912
2018-11-20,6177.4840238747165,1148.2706725283508
2018-11-21,6178.6848072185285,1149.6908693104053
2018-11-22,6180.05565859238,1151.3269091755108
2018-11-23,6183.817908689646,1152.816599412034
2018-11-24,6190.311072465501,1154.229876423532
2018-11-25,6202.667867768992,1156.0003571826915
2018-11-26,6215.787981854697,1158.3588183510162
2018-11-27,6224.659172674361,1160.9700121358328
2018-11-28,6232.680117603121,1163.9111582723965
2018-11-29,6241.466206409917,1165.4208603693062
2018-11-30,6249.452862188017,1165.7917276477913
2018-12-01,6253.277674740954,1166.3861987999007
2018-12-02,6254.648526114805,1168.1402980000762
2018-12-03,6264.1826427919505,1165.3350404327803
2018-12-04,6265.182436645716,1166.631110999079
2018-12-05,6268.265134158482,1170.1010797811878
2018-12-06,6273.58499987714,1174.264091911402
2018-12-07,6278.472222220138,1176.0163961635258
2018-12-08,6283.333333333333,1173.9061101960222
2018-12-09,6291.666666666667,1170.796262758337
2018-12-10,6291.666666666667,1170.796262758337
2018-12-11,6291.666666666667,1170.796262758337
2018-12-12,6291.666666666667,1170.796262758337
2018-12-13,6293.98148127572,1170.0468193532033
2018-12-14,6297.685185390947,1168.951594720179
2018-12-15,6300.0,1168.3321445547922
2018-12-16,6300.0,1168.3321445547922
2018-12-17,6300.0,1168.3321445547922
2018-12-18,6300.0,1168.3321445547922
2018-12-19,6275.0,1143.1863365173676
2018-12-20,6252.314814609053,1123.1213357108352
2018-12-21,6256.01851872428,1122.4478557518116
2018-12-22,6258.333333333333,1122.0950147925184
2018-12-23,6258.333333333333,1122.0950147925184
2018-12-24,6275.0,1121.1043662389332
2018-12-25,6275.5555555530655,1115.6042486036838
2018-12-26,6266.666666666667,1103.2779442290243
2018-12-27,6233.333333333333,1074.1922029548014
2018-12-28,6233.333333333333,1074.1922029548014
2018-12-29,6233.333333333333,1074.1922029548014
2018-12-30,6233.333333333333,1074.1922029548014
2018-12-31,6233.333333333333,1074.1922029548014
2019-01-01,6233.333333333333,1074.1922029548014
2019-01-02,6233.333333333333,1074.1922029548014
2019-01-03,6233.333333333333,1074.1922029548014
2019-01-04,6250.0,1084.3584893075413
2019-01-05,6250.0,1084.3584893075413
2019-01-06,6250.0,1084.3584893075413
2019-01-07,6250.0,1084.3584893075413
2019-01-08,6250.0,1084.3584893075413
2019-01-09,6250.0,1084.3584893075413
2019-01-10,6250.0,1084.3584893075413
2019-01-11,6250.0,1084.3584893075413
2019-01-12,6250.0,1084.3584893075413
2019-01-13,6250.0,1084.3584893075413
2019-01-14,6250.0,1084.3584893075413
2019-01-15,6250.0,1084.3584893075413
2019-01-16,6284.791666471353,1048.0549734525935
2019-01-17,6287.5,1048.436335692349
2019-01-18,6290.208333528647,1048.8944866726758
2019-01-19,6312.5,1065.3882312722124
2019-01-20,6350.0,1086.6615541802025
2019-01-21,6350.0,1086.6615541802025
2019-01-22,6358.333333333333,1088.1623142813862
2019-01-23,6358.333333333333,1088.1623142813862
2019-01-24,6358.333333333333,1088.1623142813862
2019-01-25,6358.333333333333,1088.1623142813862
2019-01-26,6358.333333333333,1088.1623142813862
2019-01-27,6358.333333333333,1088.1623142813862
2019-01-28,6358.333333333333,1088.1623142813862
2019-01-29,6337.5,1068.3174075776044
2019-01-30,6316.666666666667,1052.6421783092087
2019-01-31,6316.666666666667,1052.6421783092087
2019-02-01,6316.666666666667,1052.6421783092087
2019-02-02,6307.407406995885,1062.620928774018
2019-02-03,6292.592593004115,1079.221382223686
2019-02-04,6283.333333333333,1089.979612449497
2019-02-05,6283.333333333333,1089.979612449497
2019-02-06,6283.333333333333,1089.979612449497
2019-02-07,6283.333333333333,1089.979612449497
2019-02-08,6283.333333333333,1089.979612449497
2019-02-09,6283.333333333333,1089.979612449497
2019-02-10,6283.333333333333,1089.979612449497
2019-02-11,6283.333333333333,1089.979612449497
2019-02-12,6283.333333333333,1089.979612449497
2019-02-13,6300.0,1094.684124911535
2019-02-14,6300.0,1094.684124911535
2019-02-15,6300.0,1094.684124911535
2019-02-16,6295.370370164609,1091.8276511246297
2019-02-17,6292.129629835391,1088.9750022128526
2019-02-18,6291.666666666667,1088.162314281386
2019-02-19,6291.666666666667,1088.162314281386
2019-02-20,6291.666666666667,1088.162314281386
2019-02-21,6291.666666666667,1088.162314281386
2019-02-22,6291.666666666667,1088.162314281386
2019-02-23,6291.666666666667,1088.162314281386
2019-02-24,6291.666666666667,1088.162314281386
2019-02-25,6291.666666666667,1088.162314281386
2019-02-26,6291.666666666667,1088.162314281386
2019-02-27,6308.333333333333,1069.6248044161196
2019-02-28,6308.333333333333,1069.6248044161196
2019-03-01,6308.333333333333,1069.6248044161196
2019-03-02,6308.333333333333,1069.6248044161196
2019-03-03,6294.333333173333,1050.9455528844023
2019-03-04,6266.333333253333,1018.9215976008534
2019-03-05,6233.666666746667,991.2960652580753
2019-03-06,6205.666666826667,976.6028990015178
2019-03-07,6191.666666666667,972.5039274413697
2019-03-08,6191.666666666667,972.5039274413697
2019-03-09,6191.666666666667,972.5039274413697
2019-03-10,6191.666666666667,972.5039274413697
2019-03-11,6191.666666666667,972.5039274413697
2019-03-12,6200.0,977.2410142846032
2019-03-13,6200.0,977.2410142846032
2019-03-14,6200.0,977.2410142846032
2019-03-15,6200.0,977.2410142846032
2019-03-16,6200.0,977.2410142846032
2019-03-17,6200.0,977.2410142846032
2019-03-18,6200.0,977.2410142846032
2019-03-19,6191.666666666667,970.7886255800258
2019-03-20,6208.333333333333,942.9195205436263
2019-03-21,6208.333333333333,942.9195205436263
2019-03-22,6208.333333333333,942.9195205436263
2019-03-23,6208.333333333333,942.9195205436263
2019-03-24,6216.666666666667,947.6579317219666
2019-03-25,6216.666666666667,947.6579317219666
2019-03-26,6216.666666666667,947.6579317219666
2019-03-27,6216.666666666667,947.6579317219666
2019-03-28,6216.666666666667,947.6579317219666
2019-03-29,6216.666666666667,947.6579317219666
2019-03-30,6216.666666666667,947.6579317219666
2019-03-31,6216.666666666667,947.6579317219666
2019-04-01,6216.666666666667,947.6579317219666
2019-04-02,6216.666666666667,947.6579317219666
2019-04-03,6216.666666666667,947.6579317219666
2019-04-04,6216.666666666667,947.6579317219666
2019-04-05,6216.666666666667,947.6579317219666
2019-04-06,6216.666666666667,947.6579317219666
2019-04-07,6216.666666666667,947.6579317219666
2019-04-08,6216.666666666667,947.6579317219666
2019-04-09,6233.333333333333,947.2181492255215
2019-04-10,6275.0,912.071817347735
2019-04-11,6275.0,912.071817347735
2019-04-12,6275.0,912.071817347735
2019-04-13,6275.0,912.071817347735
2019-04-14,6279.166666666667,914.5714691713395
2019-04-15,6283.333333333333,917.2725270544674
2019-04-16,6283.333333333333,917.2725270544674
2019-04-17,6291.666666666667,911.4624999904762
2019-04-18,6291.666666666667,911.4624999904762
2019-04-19,6291.666666666667,911.4624999904762
2019-04-20,6289.484126855526,909.7935786595069
2019-04-21,6284.920634817754,906.4808927048794
2019-04-22,6279.166666666667,902.6484950165018
2019-04-23,6273.412698515579,899.2048607301443
2019-04-24,6268.8492064778075,896.7531182022786
2019-04-25,6283.333333333333,901.6959329815986
2019-04-26,6283.333333333333,901.6959329815986
2019-04-27,6279.166666666667,899.874605462092
2019-04-28,6275.0,898.2622111610841
2019-04-29,6279.41176448161,899.9759703665978
2019-04-30,6287.134503103519,903.5386736817356
2019-05-01,6295.833333333333,903.3406365018434
2019-05-02,6301.458333138021,901.9091198802945
2019-05-03,6304.166666666667,903.8017696867432
2019-05-04,6306.875000195312,905.7795475752268
2019-05-05,6305.357142855103,905.31839871912
2019-05-06,6300.0,902.7735042633894
2019-05-07,6291.666666666667,899.4983169646412
2019-05-08,6283.333333333333,897.0631093865259
2019-05-09,6284.217171716483,897.5768015930298
2019-05-10,6285.912698410997,898.5881985103362
2019-05-11,6288.749999804688,903.9130789911475
2019-05-12,6300.0,920.1449161228173
2019-05-13,6294.583333528645,923.8449055250413
2019-05-14,6291.666666666667,925.9754616379181
2019-05-15,6291.666666666667,925.9754616379181
2019-05-16,6283.333333333333,932.5889889025187
2019-05-17,6308.333333333333,947.3281139898443
2019-05-18,6308.333333333333,947.3281139898443
2019-05-19,6308.333333333333,947.3281139898443
2019-05-20,6308.333333333333,947.3281139898443
2019-05-21,6308.333333333333,947.3281139898443
2019-05-22,6308.333333333333,947.3281139898443
2019-05-23,6308.333333333333,947.3281139898443
2019-05-24,6312.5,948.2714537515088
2019-05-25,6316.666666666667,949.4150245750743
2019-05-26,6308.333333333333,942.9195205436264
2019-05-27,6308.333333333333,942.9195205436264
2019-05-28,6308.333333333333,942.9195205436264
2019-05-29,6308.333333333333,942.9195205436264
2019-05-30,6308.333333333333,942.9195205436264
2019-05-31,6308.333333333333,942.9195205436264
2019-06-01,6308.333333333333,942.9195205436264
2019-06-02,6354.166666666667,959.4830060448642
2019-06-03,6400.0,999.1663191547908
2019-06-04,6400.0,999.1663191547908
2019-06-05,6400.0,999.1663191547908
2019-06-06,6402.314814609053,1000.5848554208757
2019-06-07,6406.01851872428,1002.9725838957158
2019-06-08,6408.333333333333,1004.5383129688096
2019-06-09,6425.0,1015.8124826955022
2019-06-10,6425.0,1015.8124826955022
2019-06-11,6425.0,1015.8124826955022
2019-06-12,6441.666666666667,1028.3144244614853
2019-06-13,6441.666666666667,1028.3144244614853
2019-06-14,6441.666666666667,1028.3144244614853
2019-06-15,6441.666666666667,1028.3144244614853
2019-06-16,6441.666666666667,1028.3144244614853
2019-06-17,6441.666666666667,1028.3144244614853
2019-06-18,6450.0,1029.967637032025
2019-06-19,6458.333333333333,1032.3584110612403
2019-06-20,6458.333333333333,1032.3584110612403
2019-06-21,6458.333333333333,1032.3584110612403
2019-06-22,6458.333333333333,1032.3584110612403
2019-06-23,6458.333333333333,1032.3584110612403
2019-06-24,6455.416666471355,1031.4380299374711
2019-06-25,6429.166666300869,1010.3760174277955
2019-06-26,6415.601852483378,995.0244133193468
2019-06-27,6408.333333333333,987.8076173470668
2019-06-28,6408.333333333333,987.8076173470668
2019-06-29,6417.59259218107,976.6350475206041
2019-06-30,6432.40740781893,959.4178864605283
2019-07-01,6441.666666666667,949.0858174521885
2019-07-02,6441.666666666667,949.0858174521885
2019-07-03,6441.666666666667,949.0858174521885
2019-07-04,6441.666666666667,949.0858174521885
2019-07-05,6441.666666666667,949.0858174521885
2019-07-06,6441.666666666667,949.0858174521885
2019-07-07,6441.666666666667,949.0858174521885
2019-07-08,6441.666666666667,949.0858174521885
2019-07-09,6441.666666666667,949.0858174521885
2019-07-10,6441.666666666667,949.0858174521885
2019-07-11,6441.666666666667,949.0858174521885
2019-07-12,6441.666666666667,949.0858174521885
2019-07-13,6441.666666666667,949.0858174521885
2019-07-14,6441.666666666667,949.0858174521885
2019-07-15,6441.666666666667,949.0858174521885
2019-07-16,6441.666666666667,949.0858174521885
2019-07-17,6441.666666666667,949.0858174521885
2019-07-18,6441.666666666667,949.0858174521885
2019-07-19,6441.666666666667,949.0858174521885
2019-07-20,6441.666666666667,949.0858174521885
2019-07-21,6441.666666666667,949.0858174521885
2019-07-22,6441.666666666667,949.0858174521885
2019-07-23,6441.666666666667,949.0858174521885
2019-07-24,6441.666666666667,949.0858174521885
2019-07-25,6441.666666666667,949.0858174521885
2019-07-26,6441.666666666667,949.0858174521885
2019-07-27,6441.666666666667,949.0858174521885
2019-07-28,6441.666666666667,949.0858174521885
2019-07-29,6441.666666666667,949.0858174521885
2019-07-30,6441.666666666667,949.0858174521885
2019-07-31,6441.666666666667,949.0858174521885
2019-08-01,6441.666666666667,949.0858174521885
2019-08-02,6441.666666666667,949.0858174521885
2019-08-03,6441.666666666667,949.0858174521885
2019-08-04,6441.666666666667,949.0858174521885
2019-08-05,6441.666666666667,949.0858174521885
2019-08-06,6441.666666666667,949.0858174521885
2019-08-07,6441.666666666667,949.0858174521885
2019-08-08,6441.666666666667,949.0858174521885
2019-08-09,6441.666666666667,949.0858174521885
2019-08-10,6441.666666666667,949.0858174521885
2019-08-11,6441.666666666667,949.0858174521885
2019-08-12,6441.666666666667,949.0858174521885
2019-08-13,6441.666666666667,949.0858174521885
2019-08-14,6441.666666666667,949.0858174521885
2019-08-15,6429.166666666667,947.9052197111035
2019-08-16,6416.666666666667,948.536885008813
2019-08-17,6416.666666666667,948.536885008813
2019-08-18,6416.666666666667,948.536885008813
2019-08-19,6416.666666666667,948.536885008813
2019-08-20,6416.666666666667,948.536885008813
2019-08-21,6510.333333173334,1051.2728262440642
2019-08-22,6564.333333253333,1121.3949149529478
2019-08-23,6627.333333413334,1231.4022721838962
2019-08-24,6690.857142563626,1335.5698121635935
2019-08-25,6731.944444791666,1385.0760160226125
2019-08-26,6741.666666666667,1376.8674187767278
2019-08-27,6758.333333333333,1372.6242101253433
2019-08-28,6775.0,1370.5990174615868
2019-08-29,6775.0,1370.5990174615868
2019-08-30,6791.666666666667,1359.8151426654367
2019-08-31,6791.666666666667,1359.8151426654367
2019-09-01,6791.666666666667,1359.8151426654367
2019-09-02,6791.666666666667,1359.8151426654367
2019-09-03,6791.666666666667,1359.8151426654367
2019-09-04,6791.666666666667,1359.8151426654367
2019-09-05,6791.666666666667,1359.8151426654367
2019-09-06,6791.666666666667,1359.8151426654367
2019-09-07,6791.666666666667,1359.8151426654367
2019-09-08,6791.666666666667,1359.8151426654367
2019-09-09,6791.666666666667,1359.8151426654367
2019-09-10,6791.666666666667,1359.8151426654367
2019-09-11,6791.666666666667,1359.8151426654367
2019-09-12,6791.666666666667,1359.8151426654367
2019-09-13,6791.666666666667,1359.8151426654367
2019-09-14,6791.666666666667,1359.8151426654367
2019-09-15,6791.666666666667,1359.8151426654367
2019-09-16,6791.666666666667,1359.8151426654367
2019-09-17,6787.5,1360.1661969529066
2019-09-18,6783.333333333333,1360.6575207923884
2019-09-19,6783.333333333333,1360.6575207923884
2019-09-20,6783.333333333333,1360.6575207923884
2019-09-21,6783.333333333333,1360.6575207923884
2019-09-22,6783.333333333333,1360.6575207923884
2019-09-23,6783.333333333333,1360.6575207923884
2019-09-24,6783.333333333333,1360.6575207923884
2019-09-25,6783.333333333333,1360.6575207923884
2019-09-26,6783.333333333333,1360.6575207923884
2019-09-27,6783.333333333333,1360.6575207923884
2019-09-28,6783.333333333333,1360.6575207923884
2019-09-29,6783.333333333333,1360.6575207923884
2019-09-30,6783.57077203212,1360.6257561067846
2019-10-01,6784.12990191806,1360.5527529198448
2019-10-02,6784.964767107272,1360.4484458599884
2019-10-03,6786.029411715877,1360.3235953406022
2019-10-04,6787.277879859998,1360.1888505214106
2019-10-05,6788.664215655757,1360.0539817988931
2019-10-06,6823.475796552605,1393.657635870262
2019-10-07,6825.0,1393.5117509371782
2019-10-08,6826.524203447395,1393.3841912034854
2019-10-09,6828.00245101091,1393.2779870076447
2019-10-10,6829.388786806668,1393.1940565636617
2019-10-11,6830.63725495079,1393.131455153994
2019-10-12,6831.701899559394,1393.0877916143324
2019-10-13,6832.536764748606,1393.0598120197433
2019-10-14,6833.095894634546,1393.0441503953255
2019-10-15,6833.333333333333,1393.0382462644577
2019-10-16,6833.333333333333,1393.0382462644577
2019-10-17,6833.333333333333,1393.0382462644577
2019-10-18,6833.333333333333,1393.0382462644577
2019-10-19,6891.203703497943,1433.3718381080482
2019-10-20,6983.796296502059,1546.0281290847083
2019-10-21,7041.666666666667,1641.878158965789
2019-10-22,7041.666666666667,1641.878158965789
2019-10-23,7041.666666666667,1641.878158965789
2019-10-24,7041.666666666667,1641.878158965789
2019-10-25,7041.666666666667,1641.878158965789
2019-10-26,7000.0,1661.324772583615
2019-10-27,7016.666666666667,1676.2226052115577
2019-10-28,7016.666666666667,1676.2226052115577
2019-10-29,7008.333333333333,1668.5614229695657
2019-10-30,7008.333333333333,1668.5614229695657
2019-10-31,6983.333333333333,1648.147107781611
2019-11-01,6974.999999997916,1642.216489990072
2019-11-02,6941.666666666667,1576.1019073087318
2019-11-03,6966.666666666667,1598.0891367157494
2019-11-04,6925.0,1563.7161933462648
2019-11-05,6925.0,1563.7161933462648
2019-11-06,6925.0,1563.7161933462648
2019-11-07,6941.666666666667,1576.1019073087318
2019-11-08,6941.666666666667,1576.1019073087318
2019-11-09,6941.666666666667,1576.1019073087318
2019-11-10,6941.666666666667,1576.1019073087318
2019-11-11,6941.666666666667,1576.1019073087318
2019-11-12,6941.666666666667,1576.1019073087318
2019-11-13,6941.666666666667,1576.1019073087318
2019-11-14,6941.666666666667,1576.1019073087318
2019-11-15,6941.666666666667,1576.1019073087318
2019-11-16,6925.0,1563.7161933462648
2019-11-17,6841.666666666667,1446.523610438335
2019-11-18,6841.666666666667,1446.523610438335
2019-11-19,6841.666666666667,1446.523610438335
2019-11-20,6841.666666666667,1446.523610438335
2019-11-21,6841.666666666667,1446.523610438335
2019-11-22,6841.666666666667,1446.523610438335
2019-11-23,6841.666666666667,1446.523610438335
2019-11-24,6800.0,1404.7538337136984
2019-11-25,6787.5,1405.3654625517638
2019-11-26,6775.0,1407.1987540263576
2019-11-27,6775.0,1407.1987540263576
2019-11-28,6775.0,1407.1987540263576
2019-11-29,6758.333333333333,1393.7110731982996
2019-11-30,6809.259259053498,1405.4189168052048
2019-12-01,6890.740740946502,1465.0301852484897
2019-12-02,6941.666666666667,1525.5918705720594
2019-12-03,6941.666666666667,1525.5918705720594
2019-12-04,6941.666666666667,1525.5918705720594
2019-12-05,6941.666666666667,1525.5918705720594
2019-12-06,6941.666666666667,1525.5918705720594
2019-12-07,6941.666666666667,1525.5918705720594
2019-12-08,6941.666666666667,1525.5918705720594
2019-12-09,6958.333333333333,1535.9352923291472
2019-12-10,6958.333333333333,1535.9352923291472
2019-12-11,6958.333333333333,1535.9352923291472
2019-12-12,6958.333333333333,1535.9352923291472
2019-12-13,6958.333333333333,1535.9352923291472
2019-12-14,6958.333333333333,1535.9352923291472
2019-12-15,6975.0,1548.1844205391037
2019-12-16,6975.0,1548.1844205391037
2019-12-17,6941.666666666667,1579.2711047259183
2019-12-18,6941.666666666667,1579.2711047259183
2019-12-19,6941.666666666667,1579.2711047259183
2019-12-20,6948.958333138021,1577.4159573719767
2019-12-21,6962.5,1574.9503960442692
2019-12-22,6959.375000195312,1561.7258498821177
2019-12-23,6966.666666666667,1561.694236682997
2019-12-24,6966.666666666667,1561.694236682997
2019-12-25,6966.666666666667,1561.694236682997
2019-12-26,6966.666666666667,1561.694236682997
2019-12-27,6966.666666666667,1561.694236682997
2019-12-28,6966.666666666667,1561.694236682997
2019-12-29,6966.666666666667,1561.694236682997
2019-12-30,6966.666666666667,1561.694236682997
2019-12-31,6966.666666666667,1561.694236682997
2020-01-01,6950.661375532774,1541.6285440181375
2020-01-02,6875.529100426221,1481.04417075246
2020-01-03,6791.666666666667,1430.8845360669586
2020-01-04,6749.470899573779,1404.8067182116024
2020-01-05,6716.005291133893,1393.8025640959813
2020-01-06,6700.0,1391.641716343207
2020-01-07,6700.0,1391.641716343207
2020-01-08,6700.0,1391.641716343207
2020-01-09,6700.0,1391.641716343207
2020-01-10,6700.0,1391.641716343207
2020-01-11,6709.401708963401,1382.991028177329
2020-01-12,6723.8095241874535,1370.2541264267202
2020-01-13,6733.333333333333,1362.18778278017
2020-01-14,6733.333333333333,1362.18778278017
2020-01-15,6733.333333333333,1362.18778278017
2020-01-16,6741.666666666667,1357.9754129667526
2020-01-17,6775.0,1331.743844238323
2020-01-18,6795.833333333333,1337.0456133663586
2020-01-19,6816.666666666667,1345.878482214828
2020-01-20,6775.0,1347.2966760640854
2020-01-21,6775.0,1347.2966760640854
2020-01-22,6783.333333333333,1343.3995020924424
2020-01-23,6783.333333333333,1343.3995020924424
2020-01-24,6783.333333333333,1343.3995020924424
2020-01-25,6783.333333333333,1343.3995020924424
2020-01-26,6783.333333333333,1343.3995020924424
2020-01-27,6783.333333333333,1343.3995020924424
2020-01-28,6783.333333333333,1343.3995020924424
2020-01-29,6781.878306749706,1344.039821345485
2020-01-30,6774.66931206458,1346.3677913127724
2020-01-31,6729.166666664815,1376.0538890453963
2020-02-01,6718.3862430261615,1377.4631252021986
2020-02-02,6719.788360213257,1370.7771961874757
2020-02-03,6708.333333333333,1352.4412084161818
2020-02-04,6691.666666666667,1364.09819620469
2020-02-05,6675.0,1376.6656577881695
2020-02-06,6675.0,1376.6656577881695
2020-02-07,6675.0,1376.6656577881695
2020-02-08,6650.0,1376.8926368215255
2020-02-09,6625.0,1382.1028664080445
2020-02-10,6625.0,1382.1028664080445
2020-02-11,6625.0,1382.1028664080445
2020-02-12,6583.333333333333,1401.68549333373
2020-02-13,6550.0,1426.826315054966
2020-02-14,6550.0,1426.826315054966
2020-02-15,6550.0,1426.826315054966
2020-02-16,6550.0,1426.826315054966
2020-02-17,6516.666666666667,1450.7660811523758
2020-02-18,6391.666666666667,1167.9457274300987
2020-02-19,6391.666666666667,1167.9457274300987
2020-02-20,6391.666666666667,1167.9457274300987
2020-02-21,6391.666666666667,1167.9457274300987
2020-02-22,6391.666666666667,1167.9457274300987
2020-02-23,6391.666666666667,1167.9457274300987
2020-02-24,6433.333333333333,1231.7557477934583
2020-02-25,6433.333333333333,1231.7557477934583
2020-02-26,6433.333333333333,1231.7557477934583
2020-02-27,6433.333333333333,1231.7557477934583
2020-02-28,6433.333333333333,1231.7557477934583
2020-02-29,6433.333333333333,1231.7557477934583
2020-03-01,6433.333333333333,1231.7557477934583
2020-03-02,6433.333333333333,1231.7557477934583
2020-03-03,6466.666666666667,1205.7731498457283
2020-03-04,6466.666666666667,1205.7731498457283
2020-03-05,6466.666666666667,1205.7731498457283
2020-03-06,6466.666666666667,1205.7731498457283
2020-03-07,6466.666666666667,1205.7731498457283
2020-03-08,6466.666666666667,1205.7731498457283
2020-03-09,6466.666666666667,1205.7731498457283
2020-03-10,6483.333333333333,1200.5785642301337
2020-03-11,6483.333333333333,1200.5785642301337
2020-03-12,6483.333333333333,1200.5785642301337
2020-03-13,6483.333333333333,1200.5785642301337
2020-03-14,6489.166666276043,1196.350062853486
2020-03-15,6500.0,1188.836966675134
2020-03-16,6510.833333723957,1181.7727382931428
2020-03-17,6516.666666666667,1178.1576955380615
2020-03-18,6516.666666666667,1178.1576955380615
2020-03-19,6525.0,1176.2404799473052
2020-03-20,6525.0,1176.2404799473052
2020-03-21,6525.0,1176.2404799473052
2020-03-22,6700.173100780193,1553.0545958444907
2020-03-23,6700.591155511395,1553.2979722836187
2020-03-24,6667.901234544192,1574.6566338929965
2020-03-25,6602.083741562504,1533.8020009852103
2020-03-26,6611.4524135835845,1533.0983051747105
2020-03-27,6620.987654291351,1533.0010474530065
2020-03-28,6642.521718661904,1521.941079834243
2020-03-29,6657.377605293775,1518.4651614091563
2020-03-30,6667.06349204063,1523.6067056503011
2020-03-31,6685.402377667669,1523.9126296339089
2020-04-01,6687.143183734323,1525.1104602394405
2020-04-02,6707.891313729201,1533.9876079982157
2020-04-03,6753.252171922158,1556.0218571800244
2020-04-04,6973.6228282731545,1699.720220116916
2020-04-05,6994.400352742155,1716.177599049531
2020-04-06,6996.19014959901,1717.0620064048576
2020-04-07,6997.930955665665,1717.9414456224138
2020-04-08,6999.603174626037,1718.8040744951177
2020-04-09,7001.187210164045,1719.637311308112
2020-04-10,7002.66346596361,1720.4279331883765
2020-04-11,7004.012345708649,1721.162197578866
2020-04-12,7005.214253083082,1721.8259866597746
2020-04-13,7006.249591770829,1722.4049746089954
2020-04-14,7007.098765455808,1722.8848176826612
2020-04-15,7007.742177821939,1723.251367204211
2020-04-16,7008.160232553141,1723.4909056749293
2020-04-17,7008.333333333333,1723.5904063578707
2020-04-18,7008.333333333333,1723.5904063578707
2020-04-19,6991.666666666667,1716.8082465888715
2020-04-20,6991.666666666667,1716.8082465888715
2020-04-21,7000.0,1716.1002301730514
2020-04-22,7000.0,1716.1002301730514
2020-04-23,7039.35185164609,1696.5370476857518
2020-04-24,7058.7962965009,1689.833523545817
2020-04-25,7075.0,1687.2685026396955
2020-04-26,7091.666666666667,1687.4331262469502
2020-04-27,7091.666666666667,1687.4331262469502
2020-04-28,7100.0,1688.1943016134132
2020-04-29,7100.0,1688.1943016134132
2020-04-30,7100.0,1688.1943016134132
2020-05-01,7100.0,1688.1943016134132
2020-05-02,7100.0,1688.1943016134132
2020-05-03,7100.0,1688.1943016134132
2020-05-04,7100.0,1688.1943016134132
2020-05-05,7100.0,1688.1943016134132
2020-05-06,7100.0,1688.1943016134132
2020-05-07,7100.0,1688.1943016134132
2020-05-08,7100.0,1688.1943016134132
2020-05-09,7100.0,1688.1943016134132
2020-05-10,7100.0,1688.1943016134132
2020-05-11,7075.0,1684.3025262701472
2020-05-12,7094.791666493055,1668.702857751436
2020-05-13,7117.8571430839,1654.1961177311318
2020-05-14,7125.0,1654.3503256565702
2020-05-15,7121.428571189413,1654.2308157629188
2020-05-16,7112.5,1654.303101006584
2020-05-17,7104.166666811342,1654.8487258692098
2020-05-18,7100.0,1655.294535724685
2020-05-19,7116.666666666667,1658.228639911343
2020-05-20,7158.333333333333,1698.263001487762
2020-05-21,7158.333333333333,1698.263001487762
2020-05-22,7158.333333333333,1698.263001487762
2020-05-23,7125.0,1695.1524021947603
2020-05-24,7116.666666666667,1695.5005816048022
2020-05-25,7116.666666666667,1695.5005816048022
2020-05-26,7150.0,1766.1162664634135
2020-05-27,7150.0,1766.1162664634135
2020-05-28,7150.0,1766.1162664634135
2020-05-29,7137.5,1781.7506606331501
2020-05-30,7074.074073868313,1761.9394786661214
2020-05-31,6992.592592798354,1721.3936677280751
2020-06-01,6941.666666666667,1717.293574850329
2020-06-02,6941.666666666667,1717.293574850329
2020-06-03,6941.666666666667,1717.293574850329
2020-06-04,6941.666666666667,1717.293574850329
2020-06-05,6941.666666666667,1717.293574850329
2020-06-06,7066.666666666667,2064.1113234405634
2020-06-07,7066.666666666667,2064.1113234405634
2020-06-08,7050.0,2055.6831792212856
2020-06-09,7066.666666666667,2055.210181195317
2020-06-10,7066.666666666667,2055.210181195317
2020-06-11,7084.259259053498,2055.828101715314
2020-06-12,7107.407407613169,2057.6082510410783
2020-06-13,7116.666666666667,2058.6538212034475
2020-06-14,7116.666666666667,2058.6538212034475
2020-06-15,7116.666666666667,2058.6538212034475
2020-06-16,7116.666666666667,2058.6538212034475
2020-06-17,7116.666666666667,2058.6538212034475
2020-06-18,6950.0,1607.0158679988197
2020-06-19,6966.296296197531,1569.1513876188299
2020-06-20,7001.0416666041665,1522.4060789859222
2020-06-21,7041.190476272109,1477.770640364535
2020-06-22,7078.88888911111,1445.8032069135418
2020-06-23,7100.0,1432.3640133243598
2020-06-24,7100.0,1432.3640133243598
2020-06-25,7108.333333333333,1434.3746217622352
2020-06-26,7108.333333333333,1434.3746217622352
2020-06-27,7108.333333333333,1434.3746217622352
2020-06-28,7075.0,1445.7552812745778
2020-06-29,7041.666666666667,1465.4113946450518
2020-06-30,7041.666666666667,1465.4113946450518
2020-07-01,7050.0,1465.4350889752845
2020-07-02,7066.666666666667,1457.9285152419359
2020-07-03,7079.166666666667,1462.2269450700494
2020-07-04,7091.666666666667,1467.6843060488936
2020-07-05,7091.666666666667,1467.6843060488936
2020-07-06,7091.666666666667,1467.6843060488936
2020-07-07,7091.666666666667,1467.6843060488936
2020-07-08,7091.666666666667,1467.6843060488936
2020-07-09,7091.666666666667,1467.6843060488936
2020-07-10,7133.333333333333,1580.7874268505836
2020-07-11,7133.333333333333,1580.7874268505836
2020-07-12,7133.333333333333,1580.7874268505836
2020-07-13,7133.333333333333,1580.7874268505836
2020-07-14,7133.333333333333,1580.7874268505836
2020-07-15,7133.333333333333,1580.7874268505836
2020-07-16,7133.333333333333,1580.7874268505836
2020-07-17,7133.333333333333,1580.7874268505836
2020-07-18,7133.333333333333,1580.7874268505836
2020-07-19,7133.333333333333,1580.7874268505836
2020-07-20,7133.333333333333,1580.7874268505836
2020-07-21,7133.333333333333,1580.7874268505836
2020-07-22,7133.333333333333,1580.7874268505836
2020-07-23,7108.333333333333,1592.9314346686601
2020-07-24,7108.333333333333,1592.9314346686601
2020-07-25,7108.333333333333,1592.9314346686601
2020-07-26,7108.333333333333,1592.9314346686601
2020-07-27,7150.0,1621.9843813469147
2020-07-28,7316.666666666667,1597.8283873919488
2020-07-29,7316.666666666667,1597.8283873919488
2020-07-30,7400.0,1681.2693617224654
2020-07-31,7400.0,1681.2693617224654
2020-08-01,7402.999999839999,1679.156236637945
2020-08-02,7408.99999992,1675.0993005917073
2020-08-03,7416.00000008,1670.6533651547309
2020-08-04,7422.000000160001,1667.0904793562065
2020-08-05,7400.0,1661.8263046018578
2020-08-06,7358.333333333333,1665.0617272508414
2020-08-07,7358.333333333333,1665.0617272508414
2020-08-08,7358.333333333333,1665.0617272508414
2020-08-09,7358.333333333333,1665.0617272508414
2020-08-10,7358.333333333333,1665.0617272508414
2020-08-11,7375.0,1663.392617513977
2020-08-12,7375.0,1663.392617513977
2020-08-13,7375.0,1663.392617513977
2020-08-14,7375.999999839999,1663.3508349174206
2020-08-15,7377.999999920001,1663.287106908101
2020-08-16,7380.333333413332,1663.2461901012357
2020-08-17,7382.333333493334,1663.2397769285608
2020-08-18,7383.333333333333,1663.2464907189462
2020-08-19,7383.333333333333,1663.2464907189462
2020-08-20,7383.333333333333,1663.2464907189462
2020-08-21,7416.666666666667,1636.9857122840817
2020-08-22,7436.111111106944,1623.0520138047032
2020-08-23,7445.555555552889,1616.6628484126854
2020-08-24,7408.333333333333,1511.8742966559385
2020-08-25,7408.333333333333,1511.8742966559385
2020-08-26,7425.0,1501.180091350357
2020-08-27,7400.0,1512.1728296285007
2020-08-28,7397.083333138021,1513.9386524623944
2020-08-29,7391.666666666667,1517.3762076543692
2020-08-30,7386.250000195312,1521.0181963921477
2020-08-31,7383.333333333333,1523.0634334203623
2020-09-01,7358.333333333333,1526.6839518672125
2020-09-02,7358.333333333333,1526.6839518672125
2020-09-03,7358.333333333333,1526.6839518672125
2020-09-04,7366.666666666667,1527.1614918607077
2020-09-05,7382.870369753087,1516.6860983724443
2020-09-06,7408.79629691358,1500.924711752085
2020-09-07,7408.333333333333,1497.4747261825676
2020-09-08,7408.333333333333,1497.4747261825676
2020-09-09,7408.333333333333,1497.4747261825676
2020-09-10,7408.333333333333,1497.4747261825676
2020-09-11,7425.0,1499.5138100953477
2020-09-12,7374.074073456792,1444.7512732094508
2020-09-13,7292.592593209875,1387.8298430318744
2020-09-14,7241.666666666667,1373.231185521538
2020-09-15,7241.666666666667,1373.231185521538
2020-09-16,7241.666666666667,1373.231185521538
2020-09-17,7241.666666666667,1373.231185521538
2020-09-18,7241.666666666667,1373.231185521538
2020-09-19,7255.769230330923,1365.9573557142128
2020-09-20,7277.380952758882,1356.1582684213101
2020-09-21,7291.666666666667,1350.5914342325077
2020-09-22,7291.666666666667,1350.5914342325077
2020-09-23,7291.666666666667,1350.5914342325077
2020-09-24,7291.666666666667,1350.5914342325077
2020-09-25,7291.666666666667,1350.5914342325077
2020-09-26,7291.666666666667,1350.5914342325077
2020-09-27,7291.666666666667,1350.5914342325077
2020-09-28,7291.666666666667,1350.5914342325077
2020-09-29,7291.666666666667,1350.5914342325077
2020-09-30,7291.666666666667,1350.5914342325077
2020-10-01,7291.666666666667,1350.5914342325077
2020-10-02,7291.666666666667,1350.5914342325077
2020-10-03,7291.666666666667,1350.5914342325077
2020-10-04,7291.666666666667,1350.5914342325077
2020-10-05,7286.666666506666,1355.4662995883823
2020-10-06,7276.666666586668,1365.7679973023562
2020-10-07,7265.000000079999,1378.698057255371
2020-10-08,7255.000000160001,1390.5424599022256
2020-10-09,7250.0,1396.7223537028872
2020-10-10,7259.259258847737,1393.8897624067756
2020-10-11,7274.074074485597,1389.987219944121
2020-10-12,7283.333333333333,1387.9441231147919
2020-10-13,7283.333333333333,1387.9441231147919
2020-10-14,7283.333333333333,1387.9441231147919
2020-10-15,7291.666666666667,1390.7182396956698
2020-10-16,7291.666666666667,1390.7182396956698
2020-10-17,7291.349480944912,1390.6711215019272
2020-10-18,7290.59976928058,1390.5629085428113
2020-10-19,7331.141868466014,1388.600456683165
2020-10-20,7329.700115293559,1388.4606653468918
2020-10-21,7327.998846555557,1388.316876966723
2020-10-22,7326.095732377686,1388.1831892010982
2020-10-23,7324.048442885622,1388.0714054050695
2020-10-24,7321.914648205042,1387.9902415303363
2020-10-25,7319.752018461625,1387.9447961578812
2020-10-26,7350.951557114378,1379.884586125082
2020-10-27,7265.570934288981,1398.3904010162023
2020-10-28,7265.122846437535,1398.3177635101595
2020-10-29,7266.463905767581,1398.266903539976
2020-10-30,7268.858131533986,1398.3262094163954
2020-10-31,7271.569542991613,1398.5117919978957
2020-11-01,7273.8621593953285,1398.745503434989
2020-11-02,7275.0,1398.883483353778
2020-11-03,7282.0512820493095,1401.7224306244455
2020-11-04,7458.333333333333,1587.1664128950758
2020-11-05,7470.833333333333,1591.966594777946
2020-11-06,7483.333333333333,1597.8283873919488
2020-11-07,7483.333333333333,1597.8283873919488
2020-11-08,7483.333333333333,1597.8283873919488
2020-11-09,7483.333333333333,1597.8283873919488
2020-11-10,7483.333333333333,1597.8283873919488
2020-11-11,7566.666666666667,1583.4210502018161
2020-11-12,7583.333333333333,1583.1578850161752
2020-11-13,7558.333333333333,1579.798686190392
2020-11-14,7558.333333333333,1579.798686190392
2020-11-15,7558.333333333333,1579.798686190392
2020-11-16,7529.166666471355,1537.1047366376088
2020-11-17,7475.0,1471.4646898017409
2020-11-18,7412.704243460555,1421.254987389723
2020-11-19,7384.042255120541,1405.1575756849065
2020-11-20,7384.83946270826,1405.0604711069855
2020-11-21,7385.921293170766,1404.9366450173065
2020-11-22,7387.279840317096,1404.7941108050713
2020-11-23,7388.9071979562805,1404.642381353937
2020-11-24,7482.462126564021,1470.2777562027366
2020-11-25,7484.603386616018,1470.0139271700752
2020-11-26,7486.989738587971,1469.760276118332
2020-11-27,7489.613276288915,1469.5305568981164
2020-11-28,7536.44757439208,1540.3383717549602
2020-11-29,7609.892136583043,1696.2835621640738
2020-11-30,7657.161275189358,1815.0712065621656
2020-12-01,7660.654493896599,1814.7786238805602
2020-12-02,7664.345367377999,1814.5498068469512
2020-12-03,7668.225989442591,1814.3982635798238
2020-12-04,7647.2884538994085,1808.952659052954
2020-12-05,7651.524854557486,1809.0544664137076
2020-12-06,7635.093951892522,1765.809671918481
2020-12-07,7618.821173046887,1724.4989423317923
2020-12-08,7623.531945162945,1725.1351474231433
2020-12-09,7628.385028716398,1725.9382400328052
2020-12-10,7633.372517516276,1726.9195042558056
2020-12-11,7638.486505371618,1728.0895005910183
2020-12-12,7634.4598264206725,1731.955724983076
2020-12-13,7624.988279822267,1738.101718913901
2020-12-14,7621.1750680274135,1743.1405392722124
2020-12-15,7626.715990194937,1745.2480179835966
2020-12-16,7615.677213796424,1750.671161368019
2020-12-17,7621.384165974242,1753.289605456262
2020-12-18,7627.162273870755,1756.1445676021003
2020-12-19,7656.151778825864,1748.3694903466612
2020-12-20,7699.085517858478,1736.7697097324435
2020-12-21,7728.177803296149,1732.488422048616
2020-12-22,7734.161472157789,1736.0865365338495
2020-12-23,7740.1767657832925,1739.9243383052044
2020-12-24,7746.215777981695,1743.9983663945025
2020-12-25,7752.270602562031,1748.3039071438216
2020-12-26,7758.333333333333,1752.8350052288308
2020-12-27,7764.396064104636,1757.5844807216738
2020-12-28,7687.117555351638,1810.5317504470524
2020-12-29,7709.8232342167075,1818.5702693467827
2020-12-30,7715.838527842211,1823.9905972344256
2020-12-31,7721.822196703851,1829.5823424314679
2021-01-01,7727.766334610657,1835.3327581704254
2021-01-02,7738.453370823162,1839.171775062767
2021-01-03,7755.414480664597,1841.410378974739
2021-01-04,7777.640292479806,1844.3721117958944
2021-01-05,7803.968559454446,1850.9836906276266
2021-01-06,7833.054136389718,1864.0392492155372
2021-01-07,7863.331707289086,1885.3952202378387
2021-01-08,7892.969191078169,1915.1895144550742
2021-01-09,7919.809079141916,1951.2244368973106
2021-01-10,7941.294051790527,1988.6339010578959
2021-01-11,7954.37201011652,2019.8903654594442
2021-01-12,7955.37407576358,2035.1830479147973
2021-01-13,7956.523802674943,2025.4207603809134
2021-01-14,7928.792725518441,1992.7692193226562
2021-01-15,7920.578435463412,1991.5776539527499
2021-01-16,7917.294830260893,1993.5054399666767
2021-01-17,7922.112111164953,1999.2607045867092
2021-01-18,7940.107343890743,2011.425755318751
2021-01-19,8002.321299288668,2020.0156836937358
2021-01-20,7981.012172770068,2010.5148218333977
2021-01-21,7984.505391477309,2015.2184784106444
2021-01-22,7987.7930492194255,2019.6960476583981
2021-01-23,7990.8672398054505,2023.9270749217796
2021-01-24,7993.720057044418,2027.8913873059716
2021-01-25,7996.343594745362,2031.5691583477244
2021-01-26,7998.729946717315,2034.9409740045314
2021-01-27,7967.537873435979,2049.1481931807107
2021-01-28,7969.4261353770535,2051.8678157554455
2021-01-29,7971.053493016237,2054.22409281607
2021-01-30,7972.412040162567,2056.1999373960493
2021-01-31,7973.493870625073,2057.779030078545
2021-02-01,8057.624411546126,2118.1592466050774
2021-02-02,8049.795756734758,2126.333798725753
2021-02-03,8050.0,2126.6170318136737
2021-02-04,8033.333333333333,2125.375783766772
2021-02-05,8033.333333333333,2125.375783766772
2021-02-06,8033.333333333333,2125.375783766772
2021-02-07,8008.333333333333,2091.8326627359297
2021-02-08,8016.666666666667,2102.7098917560857
2021-02-09,8033.333333333333,2125.375783766772
2021-02-10,8041.666666666667,2133.2519515727367
2021-02-11,7966.666666666667,2042.1938094988818
2021-02-12,7966.666666666667,2042.1938094988818
2021-02-13,7966.666666666667,2042.1938094988818
2021-02-14,7941.666666666667,2006.4306339589436
2021-02-15,7927.227563910349,1988.8473335170181
2021-02-16,7908.304436730473,2026.4363043995008
2021-02-17,7899.594541044719,2029.832843977123
2021-02-18,7912.409954286873,2052.515644034737
2021-02-19,7908.333333333333,2046.321224919381
2021-02-20,7888.079967206967,2016.608397510068
2021-02-21,7841.666666666667,1959.2551022150117
2021-02-22,7670.082720799641,1781.457946984383
2021-02-23,7666.666666666667,1773.571412589737
2021-02-24,7838.1944443589955,1989.0512184286686
2021-02-25,7696.390658029439,1826.2978596349983
2021-02-26,7809.06293939326,2013.3856361141477
2021-02-27,7720.422780792825,1906.4804162368098
2021-02-28,7720.046296716192,1915.6644245572477
2021-03-01,7881.763285093369,2147.414218000914
2021-03-02,7861.8055556410045,2152.0835573198815
2021-03-03,7729.362644881192,2055.8581327481365
2021-03-04,7808.943089481018,2178.224105790942
2021-03-05,7805.606060668732,2179.633054531803
2021-03-06,7802.878179445358,2180.8258598205557
2021-03-07,7800.948103833957,2181.6920834316725
2021-03-08,7712.5,2068.425830593562
2021-03-09,7608.333333333333,1984.715904662988
2021-03-10,7578.2369144525655,1970.621842563862
2021-03-11,7593.285123850404,1977.0515672450783
2021-03-12,7622.5895316094075,1993.102828809176
2021-03-13,7646.594734785046,2019.9666149645984
2021-03-14,7664.591805903358,2054.6367653019133
2021-03-15,7743.818870530352,2031.5516963155815
2021-03-16,7811.753902678341,2131.4170003464656
2021-03-17,7813.95775942798,2161.0838728463605
2021-03-18,7708.295767608698,2204.28332034426
2021-03-19,7677.789256207597,2152.5065889154525
2021-03-20,7683.333333333333,2160.9540074287147
2021-03-21,7683.333333333333,2160.9540074287147
2021-03-22,7675.0,2156.0476958236954
2021-03-23,7716.666666666667,2118.1097442977048
2021-03-24,7716.666666666667,2118.1097442977048
2021-03-25,7716.666666666667,2118.1097442977048
2021-03-26,7716.666666666667,2118.1097442977048
2021-03-27,7716.666666666667,2118.1097442977048
2021-03-28,7716.666666666667,2118.1097442977048
2021-03-29,7716.666666666667,2118.1097442977048
2021-03-30,7716.666666666667,2118.1097442977048
2021-03-31,7733.333333333333,2106.867079074731
2021-04-01,7733.333333333333,2106.867079074731
2021-04-02,7733.333333333333,2106.867079074731
2021-04-03,7733.333333333333,2106.867079074731
2021-04-04,7733.333333333333,2106.867079074731
2021-04-05,7733.333333333333,2106.867079074731
2021-04-06,7733.333333333333,2106.867079074731
2021-04-07,7733.333333333333,2106.867079074731
2021-04-08,7733.333333333333,2106.867079074731
2021-04-09,7816.666666666667,2249.382631350705
2021-04-10,7835.714285260769,2241.1617798108064
2021-04-11,7863.888889236111,2230.437937831868
2021-04-12,7883.333333333333,2224.0478611956373
2021-04-13,7866.666666666667,2238.799281360931
2021-04-14,7865.352101739804,2236.962961451151
2021-04-15,7862.263535529186,2232.6760916657763
2021-04-16,7857.508165694246,2226.151748871221
2021-04-17,7851.217738976647,2217.6641551564826
2021-04-18,7843.55600537503,2207.5485364494252
2021-04-19,7834.729064025455,2196.2012720660296
2021-04-20,7804.166666666667,2204.395073231858
2021-04-21,7773.043375784553,2214.34222777264
2021-04-22,7762.643239154096,2202.3506208481667
2021-04-23,7765.24086385084,2177.7354271927716
2021-04-24,7769.176524196618,2155.6520001511612
2021-04-25,7763.145539999216,2149.410207034488
2021-04-26,7765.574615748706,2142.906916210099
2021-04-27,7775.0,2143.6437048477374
2021-04-28,7787.432460459058,2156.903569745266
2021-04-29,7797.023809334845,2183.2102417036003
2021-04-30,7811.224359111679,2216.16174205589
2021-05-01,7834.666666506667,2238.1113069708476
2021-05-02,7827.833333493333,2212.203495480488
2021-05-03,7794.00000032,2161.5071901620254
2021-05-04,7800.0,2160.632623407629
2021-05-05,7558.333333333333,2060.9295367759555
2021-05-06,7558.333333333333,2060.9295367759555
2021-05-07,7558.333333333333,2060.9295367759555
2021-05-08,7581.481481069958,2060.9243368056477
2021-05-09,7618.518518930042,2063.618238288231
2021-05-10,7641.666666666667,2066.9858624469484
2021-05-11,7641.666666666667,2066.9858624469484
2021-05-12,7631.666666506667,2072.7672057636914
2021-05-13,7611.666666586666,2085.8644624689837
2021-05-14,7571.666666746667,2069.177909689826
2021-05-15,7570.185184933663,2091.0962444927854
2021-05-16,7589.8148152263375,2109.4606528961867
2021-05-17,7741.666666666667,2130.124539916752
2021-05-18,7741.666666666667,2130.124539916752
2021-05-19,7741.666666666667,2130.124539916752
2021-05-20,7741.666666666667,2130.124539916752
2021-05-21,7741.666666666667,2130.124539916752
2021-05-22,7741.666666666667,2130.124539916752
2021-05-23,7783.333333333333,2153.2275515813208
2021-05-24,7825.0,2184.8436252205024
2021-05-25,7825.0,2184.8436252205024
2021-05-26,7825.0,2184.8436252205024
2021-05-27,7825.0,2184.8436252205024
2021-05-28,7825.0,2184.8436252205024
2021-05-29,7825.0,2184.8436252205024
2021-05-30,7825.0,2184.8436252205024
2021-05-31,7841.666666666667,2166.9711324539808
2021-06-01,7871.874999826388,2161.826273969002
2021-06-02,7895.2380954648515,2148.423985943558
2021-06-03,7916.666666666667,2145.0848209077626
2021-06-04,7904.166666666667,2159.5194617218795
2021-06-05,7895.833333333333,2170.297438652643
2021-06-06,7958.333333333333,2222.4079783474103
2021-06-07,8016.666666666667,2293.77176041752
2021-06-08,8016.666666666667,2293.77176041752
2021-06-09,8016.666666666667,2293.77176041752
2021-06-10,8016.666666666667,2293.77176041752
2021-06-11,8025.0,2293.1510344211233
2021-06-12,8119.444444238684,2362.9649582471066
2021-06-13,8097.222222427983,2337.5144419852218
2021-06-14,8083.333333333333,2322.654133146436
2021-06-15,8083.333333333333,2322.654133146436
2021-06-16,8008.333333333333,2213.3904360103807
2021-06-17,7933.333333333333,2127.7270083876415
2021-06-18,7850.0,2010.59692628831
2021-06-19,7850.0,2010.59692628831
2021-06-20,7850.0,2010.59692628831
2021-06-21,7870.833333333333,2033.9266552383076
2021-06-22,7891.666666666667,2059.3115084631777
2021-06-23,7891.666666666667,2059.3115084631777
2021-06-24,7841.666666666667,2001.8567769836973
2021-06-25,7812.5,1986.2155178462717
2021-06-26,7799.074073662552,1978.2742734666626
2021-06-27,7784.259259670781,1974.4638192435314
2021-06-28,7775.0,1972.3611062210016
2021-06-29,7775.0,1972.3611062210016
2021-06-30,7775.0,1972.3611062210016
2021-07-01,7769.907407201646,1936.5055639201498
2021-07-02,7788.425926131687,1912.1665611305689
2021-07-03,7800.0,1897.8057505094314
2021-07-04,7808.333333333333,1888.7642932763092
2021-07-05,7816.666666666667,1880.085695446413
2021-07-06,7858.333333333333,1932.812429825742
2021-07-07,7858.333333333333,1932.812429825742
2021-07-08,7858.333333333333,1932.812429825742
2021-07-09,7858.333333333333,1932.812429825742
2021-07-10,7872.222221810701,1935.5152118916828
2021-07-11,7894.444444855966,1940.8657544954062
2021-07-12,7908.333333333333,1944.8471805145914
2021-07-13,7850.0,1894.069692487581
2021-07-14,7850.0,1894.069692487581
2021-07-15,7850.0,1894.069692487581
2021-07-16,7958.333333333333,2002.2730139074995
2021-07-17,7958.333333333333,2002.2730139074995
2021-07-18,7958.333333333333,2002.2730139074995
2021-07-19,7958.333333333333,2002.2730139074995
2021-07-20,7958.333333333333,2002.2730139074995
2021-07-21,7958.333333333333,2002.2730139074995
2021-07-22,7958.333333333333,2002.2730139074995
2021-07-23,7983.333333333333,2000.7637430630225
2021-07-24,8009.722221808847,2005.0336923732889
2021-07-25,8031.944444854115,2011.994799086413
2021-07-26,8008.333333333333,1987.6528592510535
2021-07-27,7979.166666666667,1993.8925845914794
2021-07-28,7975.0,1998.3847644201721
2021-07-29,7975.0,1998.3847644201721
2021-07-30,8000.0,2031.4198646923453
2021-07-31,8016.666666666667,2055.0074344282934
2021-08-01,8033.333333333333,2079.796998640866
2021-08-02,8058.333333333333,2107.3120055864742
2021-08-03,8058.333333333333,2107.3120055864742
2021-08-04,8100.0,2070.8291415115186
2021-08-05,8094.999999840001,2077.163530919733
2021-08-06,8084.99999992,2090.1694509717945
2021-08-07,8077.962962631441,2107.5240884876457
2021-08-08,8075.370370941892,2124.2052414454224
2021-08-09,8058.333333333333,2109.28832126436
2021-08-10,8058.333333333333,2109.28832126436
2021-08-11,8058.333333333333,2109.28832126436
2021-08-12,8058.333333333333,2109.28832126436
2021-08-13,8066.666666666667,2118.306451442336
2021-08-14,8066.666666666667,2118.306451442336
2021-08-15,8066.666666666667,2118.306451442336
2021-08-16,8066.666666666667,2118.306451442336
2021-08-17,8066.666666666667,2118.306451442336
2021-08-18,8008.333333333333,2059.3115084631777
2021-08-19,8008.333333333333,2059.3115084631777
2021-08-20,8033.333333333333,2036.4729858807905
2021-08-21,8074.074073662551,2039.6031814316582
2021-08-22,8117.592593004116,2078.1649886024256
2021-08-23,8150.0,2099.4046775217016
2021-08-24,8191.666666666667,2095.0172367363048
2021-08-25,8208.333333333334,2084.64958419608
2021-08-26,8225.0,2075.702692262711
2021-08-27,8220.37037016461,2082.495305004869
2021-08-28,8194.444444238683,2081.6585855463168
2021-08-29,8160.185185596708,2071.2337945471745
2021-08-30,8116.666666666667,2042.805804660726
2021-08-31,8116.666666666667,2042.805804660726
2021-09-01,8116.666666666667,2042.805804660726
2021-09-02,8140.277777572017,2025.4795769619848
2021-09-03,8168.055555761316,2003.497616520349
2021-09-04,8175.0,1993.3744421625022
2021-09-05,8175.0,1993.3744421625022
2021-09-06,8275.0,2084.5163307907505
2021-09-07,8275.0,2084.5163307907505
2021-09-08,8275.0,2084.5163307907505
2021-09-09,8308.333333333334,2076.639245404833
2021-09-10,8308.333333333334,2076.639245404833
2021-09-11,8299.07407366255,2072.7631023807126
2021-09-12,8284.259259670782,2066.9775670378126
2021-09-13,8358.333333333334,2169.277273399804
2021-09-14,8375.0,2149.4669881934296
2021-09-15,8391.666666666666,2130.9068231363117
2021-09-16,8391.666666666666,2130.9068231363117
2021-09-17,8395.833333333334,2124.897873362911
2021-09-18,8386.111110699589,2115.2536110522306
2021-09-19,8363.888889300411,2110.257502946094
2021-09-20,8275.0,2007.952937695503
2021-09-21,8275.0,2007.952937695503
2021-09-22,8275.0,2007.952937695503
2021-09-23,8272.685184979424,2011.279226865998
2021-09-24,8268.981481687242,2016.6506709115106
2021-09-25,8266.666666666666,2020.038503483425
2021-09-26,8266.666666666666,2020.038503483425
2021-09-27,8268.98148127572,2022.7251335177884
2021-09-28,8256.01851872428,2028.4276717648645
2021-09-29,8258.333333333334,2031.197648898031
2021-09-30,8258.333333333334,2031.197648898031
2021-10-01,8260.333333173332,2030.9540998336674
2021-10-02,8264.333333253333,2030.5319226546678
2021-10-03,8269.000000080001,2030.148845112292
2021-10-04,8273.00000016,2029.9143660022442
2021-10-05,8262.5,2048.487755231486
2021-10-06,8258.333333333334,2066.9858624469484
2021-10-07,8258.333333333334,2066.9858624469484
2021-10-08,8275.0,2086.514238309115
2021-10-09,8275.0,2086.514238309115
2021-10-10,8275.0,2086.514238309115
2021-10-11,8275.0,2086.514238309115
2021-10-12,8283.333333333334,2085.998295514378
2021-10-13,8283.333333333334,2085.998295514378
2021-10-14,8283.333333333334,2085.998295514378
2021-10-15,8283.333333333334,2085.998295514378
2021-10-16,8256.645298861575,2057.659937018929
2021-10-17,8254.059828931227,2058.6167500920433
2021-10-18,8252.756410321514,2060.071046429542
2021-10-19,8253.583997510494,2061.702588659273
2021-10-20,8256.950688050723,2063.3000666481316
2021-10-21,8264.908509500281,2057.4084084074952
2021-10-22,8274.570204617134,2048.768375508329
2021-10-23,8281.99023220649,2043.5325327689684
2021-10-24,8284.643015282489,2045.454028534815
2021-10-25,8287.606837735439,2046.9721238024722
2021-10-26,8290.438034276447,2047.933317767898
2021-10-27,8291.666666666666,2048.356387177019
2021-10-28,8200.0,1955.7607215607945
2021-10-29,8191.666666666667,1957.2337338419468
2021-10-30,8173.148147736625,1950.0103318535178
2021-10-31,8143.518518930042,1940.2359660705406
2021-11-01,8125.0,1935.2540746200054
2021-11-02,8125.0,1935.2540746200054
2021-11-03,8125.0,1935.2540746200054
2021-11-04,8145.833333333333,1961.8718032079014
2021-11-05,8159.848484697831,2000.7968743052381
2021-11-06,8191.847825976685,2067.4073297332056
2021-11-07,8212.5,2151.755581689829
2021-11-08,8196.000000093334,2178.832102905848
2021-11-09,8199.358974466839,2218.0794201522854
2021-11-10,8233.333333333334,2196.3353316123857
2021-11-11,8231.333333173334,2194.2803425050156
2021-11-12,8227.333333253333,2190.2248488538303
2021-11-13,8222.666666746667,2185.585708507626
2021-11-14,8218.666666826666,2181.688846489327
2021-11-15,8133.333333333333,2174.9840357013095
2021-11-16,8100.0,2182.8879952943075
2021-11-17,8100.0,2182.8879952943075
2021-11-18,8059.791666471355,2118.9208288400937
2021-11-19,8062.5,2114.15122842872
2021-11-20,8065.208333528645,2109.4090940336814
2021-11-21,8066.666666666667,2106.867079074731
2021-11-22,8091.666666666667,2137.1547804395345
2021-11-23,8091.666666666667,2137.1547804395345
2021-11-24,8091.666666666667,2137.1547804395345
2021-11-25,8091.666666666667,2137.1547804395345
2021-11-26,8112.962962757202,2127.5956473955503
2021-11-27,8120.370370576132,2114.9664273756757
2021-11-28,8125.0,2107.18018530294
2021-11-29,8083.333333333333,2060.2723660288757
2021-11-30,8016.666666666667,2061.889640327263
2021-12-01,8000.0,2070.426687102605
2021-12-02,7961.249999804688,2100.3016899482122
2021-12-03,7966.666666666667,2091.7828652982976
2021-12-04,7972.083333528645,2083.384124080208
2021-12-05,7975.0,2078.911975048487
2021-12-06,7975.0,2078.911975048487
2021-12-07,7975.0,2078.911975048487
2021-12-08,7975.0,2078.911975048487
2021-12-09,7975.0,2078.911975048487
